Symbol,MonthsTrendingDown
AA,2
AAA,1
AADR,1
AAOI,1
AAON,2
AAPR,1
AAPY,1
AAT,1
ABCB,1
ABCS,1
ABEO,3
ABEQ,1
ABEV,1
ABG,1
ABM,1
ABNY,2
ABOS,2
ABR,3
ABT,2
ABTS,1
AC,2
ACA,1
ACCO,1
ACDC,1
ACEL,1
ACGL,1
ACHR,1
ACHV,2
ACIC,1
ACIO,1
ACIU,1
ACIW,1
ACLX,2
ACM,2
ACN,1
ACNB,1
ACNT,1
ACP,3
ACR,1
ACRE,1
ACRS,1
ACSI,1
ACT,1
ACTU,1
ACTV,1
ACU,1
ACV,1
ACVA,1
ACVF,1
ACWI,1
ACWV,1
ADBE,1
ADC,1
ADFI,1
ADGM,1
ADIL,1
ADMA,1
ADME,1
ADNT,1
ADP,2
ADPV,1
ADSK,2
ADT,1
ADTN,1
ADV,1
ADVM,2
ADX,1
AE,1
AEE,1
AEP,1
AER,1
AESI,1
AESR,1
AETH,1
AEYE,2
AFB,1
AFBI,1
AFCG,1
AFG,1
AFGB,1
AFGC,3
AFGD,3
AFGE,2
AFL,1
AFLG,1
AFMC,1
AFMD,1
AFRM,1
AFSM,1
AGFY,1
AGG,1
AGGS,1
AGGY,1
AGIH,1
AGIO,1
AGIX,1
AGM,1
AGMH,3
AGO,1
AGOX,1
AGQI,1
AGRO,4
AGYS,1
AGZD,1
AHH,1
AHR,1
AHT,1
AHYB,1
AI,1
AIBU,1
AIEQ,1
AIFD,1
AILE,1
AIN,1
AIO,1
AIOT,1
AIPI,1
AIQ,1
AIRG,2
AIRL,1
AIRR,1
AIRS,2
AIRTP,1
AIT,1
AITRU,2
AIVL,1
AIYY,1
AIZ,1
AJAN,1
AJG,1
AJUL,1
AKBA,1
AKR,2
AKRO,2
AKTS,1
AL,1
ALAB,1
ALAI,1
ALAR,1
ALB,1
ALCYU,1
ALEX,1
ALG,1
ALGN,1
ALIT,1
ALKS,1
ALKT,2
ALL,1
ALLE,3
ALLY,1
ALNT,1
ALOT,1
ALRM,1
ALRS,2
ALSA,1
ALSN,2
ALT,1
ALTG,1
ALTI,1
ALTL,1
ALTY,1
ALV,1
ALX,1
AM,1
AMAL,2
AMAX,1
AMBC,1
AMBP,3
AMC,1
AMCR,1
AMCX,1
AMDY,3
AME,1
AMH,1
AMID,1
AMIX,1
AMJB,1
AMLI,2
AMLP,1
AMLX,2
AMOM,1
AMP,2
AMPH,2
AMPL,1
AMR,1
AMSC,1
AMSF,1
AMTB,1
AMTX,1
AMUB,1
AMWD,2
AMZA,1
AMZN,1
AMZP,1
AMZU,1
AMZY,1
AMZZ,1
AN,1
ANEW,1
ANGL,1
ANIX,1
ANL,1
ANSS,1
ANY,2
AOA,1
AOHY,1
AOK,1
AOM,1
AON,1
AOR,1
AORT,1
AOTG,1
APAM,1
APCB,1
APD,2
APEI,1
APG,1
APH,1
API,1
APLD,1
APLE,1
APLT,2
APMU,1
APO,2
APOG,2
APOS,1
APP,1
APPF,1
APPN,1
APRD,1
APRH,1
APRJ,1
APRP,1
APRT,1
APRW,1
APRZ,1
APUE,1
APVO,1
APWC,1
APXI,1
APYX,1
AQST,2
AQWA,1
ARBK,2
ARC,1
ARCB,1
ARCH,1
ARCM,4
AREA,1
AREC,2
ARGT,1
ARI,1
ARIS,1
ARKA,1
ARKB,1
ARKC,1
ARKD,1
ARKF,1
ARKK,1
ARKO,1
ARKQ,1
ARKW,1
ARKX,1
ARKY,1
ARKZ,1
ARLO,1
ARLP,1
ARLU,1
ARMK,1
AROC,1
AROW,1
ARQ,1
ARTNA,1
ARTV,1
ARTY,1
ARVN,2
ARVR,1
ASAI,1
ASAN,1
ASB,1
ASCBU,1
ASEA,1
ASET,1
ASG,1
ASGI,1
ASHR,2
ASHS,2
ASIA,3
ASIX,1
ASLE,1
ASRV,1
ASTE,1
ASTH,3
ASTL,1
ATAI,1
ATCH,1
ATEK,1
ATEN,1
ATEX,1
ATFV,1
ATGE,1
ATGL,1
ATHA,1
ATKR,1
ATLC,1
ATLCL,1
ATLCP,1
ATMC,2
ATMP,1
ATMU,2
ATO,1
ATOS,3
ATR,2
ATRC,1
ATSG,1
ATXS,2
AUB,1
AUBN,1
AUGM,1
AUGP,1
AUGT,1
AUGU,1
AUGW,1
AUGZ,1
AUMN,2
AUPH,1
AUSF,1
AUST,2
AVA,1
AVAH,1
AVB,1
AVD,1
AVDX,1
AVGE,1
AVGV,1
AVIE,1
AVIG,1
AVK,1
AVLC,1
AVLV,1
AVMA,1
AVMC,1
AVMU,1
AVMV,1
AVNS,1
AVNT,1
AVO,1
AVPT,1
AVRE,1
AVSC,1
AVSU,1
AVT,2
AVTE,1
AVTX,2
AVUS,1
AVUV,1
AVXL,1
AVY,1
AWAY,1
AWEG,1
AWI,1
AWK,1
AWP,1
AWR,1
AX,1
AXL,1
AXON,1
AXP,1
AXR,1
AXS,1
AXSM,1
AXTA,1
AYI,2
AZ,2
AZEK,1
AZI,1
AZPN,1
AZTD,1
AZZ,1
BAB,1
BAC,1
BALI,1
BALL,1
BALT,1
BAM,2
BAMA,1
BAMD,1
BAMG,1
BAMO,1
BAMV,1
BAMY,1
BANC,1
BAND,1
BANF,1
BANR,1
BAP,1
BAPR,1
BARK,1
BASE,1
BATRA,1
BATRK,1
BAUG,1
BBAG,1
BBAX,1
BBBI,1
BBBL,1
BBCA,1
BBCB,1
BBDC,1
BBHY,1
BBIN,1
BBIP,1
BBLB,1
BBLG,2
BBLU,1
BBMC,1
BBN,1
BBP,1
BBRE,1
BBSA,1
BBSC,1
BBSI,1
BBU,1
BBUC,1
BBUS,1
BC,3
BCAB,2
BCAL,1
BCAN,1
BCAT,1
BCBP,1
BCC,1
BCDF,2
BCHP,1
BCIL,1
BCML,1
BCOW,2
BCPC,1
BCS,1
BCUS,1
BCV,1
BDC,2
BDEC,1
BDGS,1
BDIV,1
BDJ,2
BDVG,1
BE,1
BEAM,1
BEAT,1
BECN,1
BEDZ,1
BEEZ,1
BEKE,2
BELFA,3
BELT,1
BEMB,1
BEN,1
BEP,3
BEPC,1
BEPJ,2
BERY,1
BETE,1
BETH,1
BETR,1
BETZ,1
BFC,1
BFEB,1
BFH,1
BFIN,1
BFIX,1
BFK,1
BFLY,1
BFOR,1
BFS,1
BFST,1
BG,1
BGB,1
BGH,1
BGIG,3
BGR,1
BGRN,1
BGRO,1
BGT,1
BGX,1
BH,1
BHACU,2
BHB,1
BHE,1
BHF,2
BHFAL,1
BHK,1
BHLB,1
BHM,1
BHR,1
BHRB,1
BHV,1
BHYB,1
BIBL,1
BIGC,1
BIGZ,1
BILD,1
BILI,3
BILL,1
BILZ,2
BIOR,2
BIP,3
BIPC,1
BIPJ,1
BITB,1
BITC,1
BITF,1
BITO,1
BITQ,1
BITS,1
BITU,1
BITX,1
BIV,1
BIVI,1
BJ,1
BJAN,1
BJK,1
BJRI,2
BJUL,1
BJUN,1
BK,2
BKAG,1
BKCH,1
BKE,1
BKH,1
BKHY,1
BKIV,1
BKLC,1
BKLN,1
BKMC,1
BKN,1
BKNG,1
BKSE,1
BKSY,1
BKTI,1
BKU,1
BKWO,1
BL,1
BLCN,1
BLCO,2
BLCR,1
BLCV,1
BLD,1
BLDG,1
BLDR,1
BLE,1
BLES,1
BLFY,1
BLK,1
BLKB,1
BLKC,1
BLLD,1
BLND,1
BLOK,1
BLRX,1
BLTE,2
BLV,1
BLZE,2
BMAR,1
BMAY,1
BMBL,1
BMDL,1
BMI,1
BMO,1
BMRC,1
BMTX,1
BMVP,1
BMY,1
BN,1
BND,1
BNDC,1
BNDD,1
BNDI,1
BNDW,1
BNDX,1
BNED,1
BNGE,1
BNH,1
BNL,3
BNOV,1
BNR,1
BNS,1
BNT,1
BNY,1
BOC,2
BOCN,4
BOCT,1
BOE,3
BOH,1
BOKF,1
BOND,1
BOSC,1
BOTJ,1
BOTZ,1
BOUT,1
BOW,1
BOWL,1
BOWN,1
BOX,1
BPAY,1
BPOP,1
BPRN,1
BPT,2
BPYPN,3
BPYPO,3
BPYPP,3
BQ,3
BR,1
BRBR,1
BRBS,1
BRC,1
BRDG,3
BRFH,1
BRFS,1
BRHY,1
BRKL,1
BRNY,1
BRO,1
BROS,1
BRRR,1
BRSP,1
BRT,1
BRTR,1
BRW,1
BRX,1
BSBK,3
BSCU,1
BSCV,1
BSCW,1
BSCX,1
BSCY,1
BSEP,1
BSET,1
BSIG,1
BSIIU,1
BSJP,1
BSJQ,1
BSJR,1
BSJS,1
BSJT,1
BSJU,1
BSJV,1
BSJW,1
BSL,1
BSMC,1
BSMP,1
BSMQ,1
BSMR,1
BSMS,1
BSMT,1
BSMU,1
BSMV,1
BSMW,1
BSR,1
BSRR,1
BSSX,1
BST,1
BSTP,1
BSTZ,1
BSVN,1
BSVO,1
BTA,1
BTBT,1
BTC,1
BTCL,1
BTCM,1
BTCO,1
BTCS,1
BTCT,1
BTCW,1
BTF,1
BTFX,1
BTHM,1
BTI,1
BTM,1
BTMD,1
BTO,1
BTOC,2
BTOG,3
BTOP,1
BTR,1
BTRN,1
BTSG,2
BTSGU,2
BTT,1
BTU,2
BTZ,1
BUCK,1
BUFB,1
BUFC,1
BUFD,1
BUFF,1
BUFG,1
BUFP,1
BUFQ,1
BUFR,1
BUFS,1
BUFT,1
BUFZ,1
BUG,1
BUL,1
BULD,1
BULZ,1
BUR,2
BURL,1
BUSA,1
BUSE,1
BUYW,1
BUYZ,1
BUZZ,1
BV,2
BVFL,1
BVS,3
BWA,1
BWB,1
BWEB,1
BWFG,1
BWG,1
BWIN,3
BWMN,1
BWMX,1
BWSN,3
BWTG,1
BWX,1
BWXT,2
BX,1
BXC,1
BXMT,1
BXMX,1
BY,1
BYD,1
BYLD,1
BYM,1
BYNO,1
BYRE,1
BZFD,1
BZH,1
CA,1
CAAP,1
CAAS,2
CABO,1
CAC,1
CADE,1
CAE,1
CAFG,1
CAKE,1
CAL,1
CALF,1
CALM,1
CALY,1
CAML,1
CAMX,1
CAN,1
CANE,3
CANG,1
CANQ,1
CAPE,1
CAPR,2
CAR,1
CARE,2
CARG,1
CARK,1
CARR,3
CARS,1
CARU,1
CASH,1
CASS,1
CASY,1
CAT,2
CATF,1
CATH,1
CATY,1
CAVA,2
CB,1
CBAN,1
CBFV,1
CBL,1
CBLS,1
CBNK,1
CBOE,1
CBRE,1
CBSE,1
CBSH,1
CBT,3
CBU,1
CBUS,1
CBZ,1
CC,1
CCB,1
CCBG,1
CCCS,1
CCEF,1
CCEL,1
CCEP,1
CCI,1
CCIA,1
CCIF,1
CCIX,1
CCJ,2
CCK,3
CCL,1
CCMG,1
CCNE,1
CCNEP,1
CCO,1
CCOI,2
CCOR,4
CCRD,1
CCS,1
CCSI,1
CCSO,1
CDC,1
CDEI,1
CDL,1
CDMO,1
CDNS,1
CDP,2
CDTX,1
CDX,1
CDXC,1
CDXS,1
CECO,1
CEFD,1
CEIX,1
CEMB,1
CENT,1
CENTA,1
CENX,1
CEP,1
CEPU,1
CERO,1
CET,1
CETH,1
CETY,1
CEV,1
CEVA,1
CF,1
CFA,1
CFB,1
CFBK,1
CFFI,1
CFFN,1
CFFS,1
CFG,1
CFLT,1
CFO,1
CFR,2
CG,2
CGA,2
CGBL,1
CGC,1
CGCB,1
CGCP,1
CGCV,3
CGDG,1
CGDV,3
CGGE,1
CGGO,1
CGGR,1
CGHM,1
CGIB,1
CGMS,1
CGMU,1
CGNT,1
CGO,1
CGSD,1
CGSM,1
CGUI,1
CGUS,1
CGV,1
CGW,1
CGXU,1
CHAT,1
CHAU,2
CHCO,1
CHD,1
CHDN,2
CHE,2
CHGG,1
CHGX,1
CHH,1
CHI,1
CHIQ,2
CHMG,1
CHRW,1
CHT,1
CHTR,1
CHW,1
CHWY,1
CHY,1
CI,1
CIB,1
CIBR,1
CID,1
CIFR,1
CIG,1
CIGI,1
CINF,1
CIVB,1
CIZ,1
CKPT,2
CLAR,1
CLB,1
CLBK,1
CLBR,1
CLDI,1
CLDL,1
CLDT,1
CLF,2
CLH,2
CLLS,1
CLM,1
CLMB,1
CLOD,1
CLOU,1
CLSE,2
CLSK,1
CLSM,1
CLX,1
CM,1
CMA,1
CMAX,2
CMC,1
CMCM,1
CMCO,1
CMCSA,2
CMF,1
CMG,1
CMI,1
CMP,1
CMPR,1
CMSA,1
CMSC,1
CMSD,4
CMT,1
CMTG,1
CMU,1
CNA,1
CNEQ,1
CNFR,2
CNI,1
CNK,1
CNMD,1
CNNE,1
CNO,1
CNOB,1
CNP,1
CNS,1
CNTA,1
CNTY,1
CNVS,2
CNX,2
CNXN,1
CNXT,2
CNYA,2
COAL,2
COCO,1
CODA,2
CODI,1
COF,1
COFS,1
COHN,1
COHR,2
COIN,1
COLB,2
COLM,1
COMP,1
CONL,1
CONY,1
COO,3
COOK,1
COOP,1
COPP,3
COR,1
CORP,1
CORT,2
CORZ,1
COST,1
COWG,1
COWS,1
COWZ,1
CPAI,1
CPAY,2
CPBI,2
CPF,1
CPHC,1
CPK,1
CPLS,1
CPNG,2
CPNJ,1
CPRJ,1
CPRT,1
CPS,1
CPSA,1
CPSJ,1
CPSL,1
CPSM,1
CPST,1
CPT,1
CQP,1
CQQQ,2
CR,1
CRAI,2
CRBN,1
CRBP,1
CRBU,1
CRC,1
CRED,1
CRESY,1
CRF,1
CRH,1
CRKN,2
CRL,1
CRM,1
CRNX,2
CRPT,1
CRS,1
CRSP,1
CRTC,1
CRUZ,1
CRVL,1
CRVO,4
CRVS,2
CRWD,1
CSA,1
CSB,1
CSCO,2
CSD,1
CSF,1
CSGP,1
CSGS,1
CSHI,1
CSHP,1
CSL,3
CSM,1
CSMD,1
CSQ,1
CSR,1
CSTM,1
CSV,1
CSWI,2
CSX,1
CTAS,1
CTBB,1
CTBI,1
CTDD,1
CTGO,2
CTLP,2
CTO,1
CTOS,1
CTRE,4
CTRI,1
CTS,1
CTSH,1
CUBE,1
CUBI,1
CUK,1
CUT,1
CUZ,3
CVAR,1
CVBF,1
CVCO,1
CVGW,3
CVLC,1
CVLG,1
CVLT,1
CVMC,1
CVNA,2
CVRD,1
CVRT,1
CVRX,1
CVSE,1
CVX,1
CVY,1
CW,2
CWAN,1
CWB,1
CWBC,1
CWCO,1
CWEN,1
CWH,1
CWK,1
CWS,2
CWST,1
CWT,1
CXE,1
CXH,1
CXM,1
CXSE,2
CXT,1
CXW,1
CYBN,2
CYN,1
CYTK,1
CZA,2
CZAR,1
CZFS,1
CZNC,1
CZWI,1
D,1
DAKT,1
DAL,2
DALI,1
DAPP,1
DAPR,1
DASH,2
DAT,1
DAUG,1
DAVE,1
DAWN,2
DAY,1
DBGI,1
DBND,1
DCAP,1
DCBO,1
DCF,1
DCGO,1
DCI,1
DCOM,1
DCOR,1
DD,1
DDEC,1
DDI,2
DDIV,1
DDL,1
DDM,1
DDOG,1
DE,1
DEC,1
DECK,1
DECO,1
DECP,1
DECT,1
DECW,1
DECZ,1
DEEP,1
DEFI,1
DEI,1
DELL,2
DEMZ,1
DERM,3
DES,1
DESK,3
DEUS,1
DEW,1
DFAC,1
DFAR,1
DFAS,1
DFAT,1
DFAU,1
DFAW,1
DFCA,1
DFCF,1
DFEB,1
DFEN,1
DFGP,1
DFGR,1
DFGX,1
DFH,1
DFHY,1
DFIP,1
DFLV,2
DFND,1
DFNL,1
DFNM,1
DFNV,1
DFRA,1
DFS,1
DFSB,1
DFSD,1
DFSU,1
DFSV,1
DFUS,1
DFUV,1
DFVE,1
DFVX,1
DGCB,1
DGHI,1
DGICA,1
DGICB,1
DGII,1
DGIN,1
DGRO,1
DGRS,1
DGRW,1
DGT,1
DGX,1
DGZ,1
DH,1
DHF,1
DHI,4
DHIL,1
DHS,1
DHY,1
DIA,1
DIAL,1
DIAX,1
DIN,1
DINT,3
DIS,1
DISO,1
DIST,1
DIV,1
DIVB,2
DIVD,3
DIVG,1
DIVL,2
DIVO,1
DIVP,1
DIVY,1
DIVZ,1
DJCB,1
DJCO,1
DJD,1
DJIA,1
DJUL,1
DJUN,1
DKNG,1
DLN,2
DLR,1
DLTH,3
DLX,1
DLY,1
DM,2
DMA,1
DMAR,1
DMAY,1
DMB,1
DMBS,1
DMF,1
DMLP,1
DMO,1
DNB,1
DNN,2
DNOV,1
DNOW,1
DNUT,2
DOCN,1
DOCT,1
DOCU,1
DOGZ,3
DOLE,4
DOMH,1
DOMO,1
DON,1
DOUG,1
DOV,1
DPG,1
DPST,1
DPZ,1
DRAI,1
DRH,1
DRIV,1
DRN,1
DRS,1
DRUG,2
DRUP,1
DRVN,1
DSCF,1
DSEP,1
DSGN,1
DSGR,3
DSGX,1
DSI,1
DSL,1
DSM,1
DSMC,1
DSP,1
DSTL,1
DSWL,3
DTD,1
DTEC,1
DTM,1
DTRE,1
DTSS,1
DUBS,1
DUHP,1
DUKH,1
DUKQ,1
DUKZ,1
DUOL,3
DURA,4
DUSA,1
DUSL,2
DV,1
DVAL,1
DVAX,1
DVDN,1
DVLU,2
DVND,1
DVOL,1
DVY,1
DVYA,1
DWAS,1
DWAT,2
DWAW,1
DWLD,1
DWUS,1
DXC,1
DXR,1
DXYZ,1
DYFI,1
DYLD,1
DYLG,1
DYN,1
DYNF,1
DYNI,1
DYTA,1
EA,1
EAF,2
EAGG,1
EAGL,1
EALT,1
EAOA,1
EAOK,1
EAOM,1
EAOR,1
EAT,1
EATV,1
EATZ,1
EB,1
EBC,1
EBF,1
EBIT,1
EBIZ,1
EBLU,1
EBMT,3
EBON,1
EBTC,1
ECAT,1
ECBK,2
ECCC,1
ECCF,1
ECCV,1
ECF,1
ECL,1
ECLN,1
ECML,1
ECPG,1
ECVT,1
ED,4
EDN,1
EDOC,1
EDOW,1
EDV,1
EE,1
EEFT,1
EELV,1
EES,1
EETH,1
EEX,1
EFIV,1
EFIX,1
EFR,1
EFRA,1
EFSC,1
EFSCP,1
EFT,1
EFXT,1
EG,1
EGBN,1
EGF,1
EGHT,1
EGUS,1
EHAB,1
EHC,1
EHGO,1
EHLS,1
EIG,1
EIM,1
EINC,1
EIPI,1
EIPX,1
EIS,1
EIX,1
EKG,1
ELA,1
ELAN,1
ELDN,2
ELF,1
ELMD,1
ELME,1
ELQD,1
ELS,1
ELUT,1
ELVA,1
EMB,1
EMBD,1
EMCG,1
EMD,1
EMDV,2
EME,2
EMHC,1
EMHY,1
EMKR,1
EMLP,1
EMN,3
EMO,1
EMOT,1
EMQQ,3
EMR,1
ENB,1
ENFN,1
ENFR,1
ENG,1
ENJ,4
ENLC,1
ENOV,1
ENR,1
ENSC,1
ENSG,2
ENTA,2
ENTG,1
ENVA,1
ENX,1
ENZ,1
EOD,1
EOI,1
EOS,1
EOT,1
EPAC,2
EPAM,1
EPC,1
EPD,1
EPI,1
EPP,1
EPRT,1
EPRX,1
EPS,1
EPU,2
EQAL,1
EQBK,1
EQIN,1
EQIX,1
EQL,1
EQR,1
EQRR,1
EQTY,1
EQWL,1
ERAS,1
ERET,1
ERJ,1
ERNZ,1
ESAB,2
ESBA,1
ESCA,1
ESE,1
ESG,1
ESGA,1
ESGB,1
ESGG,1
ESGU,1
ESGV,1
ESGX,1
ESGY,1
ESI,1
ESIX,1
ESML,1
ESMV,1
ESOA,1
ESPO,1
ESPR,1
ESQ,1
ESRT,1
ESS,1
ESSA,1
ESTC,1
ET,1
ETB,1
ETD,1
ETG,1
ETH,1
ETHA,1
ETHE,1
ETHO,1
ETHT,1
ETHU,1
ETHV,1
ETHW,1
ETJ,1
ETN,2
ETNB,1
ETO,1
ETON,2
ETR,1
ETSY,1
ETV,1
ETW,1
ETY,1
EUDA,1
EUSA,1
EUSB,1
EV,1
EVBN,1
EVC,2
EVCM,1
EVE,1
EVF,1
EVG,1
EVGO,2
EVGOW,2
EVHY,1
EVI,2
EVIM,1
EVLN,1
EVN,1
EVO,1
EVR,1
EVRG,1
EVSM,1
EVT,1
EVTC,1
EVTR,1
EVTV,3
EVUS,3
EVV,1
EVX,1
EWA,1
EWBC,1
EWC,1
EWS,1
EWTX,2
EWX,1
EXEL,1
EXFY,1
EXI,1
EXLS,1
EXP,2
EXPD,1
EXPE,1
EXPI,1
EXPO,1
EXR,1
EXTR,1
EYE,1
EYEG,1
EZA,1
EZBC,1
EZET,1
EZM,1
EZPW,1
F,1
FAB,1
FAD,1
FAF,1
FAIL,1
FALN,1
FAPR,1
FARM,1
FARO,1
FAS,1
FAST,2
FAT,1
FAUG,1
FBCG,1
FBCV,1
FBIZ,1
FBK,1
FBLG,2
FBMS,1
FBNC,1
FBND,1
FBOT,1
FBP,1
FBTC,1
FBUF,1
FCAL,1
FCBC,1
FCCO,1
FCEF,1
FCF,1
FCFY,1
FCLD,1
FCNCA,1
FCOM,1
FCOR,1
FCPI,1
FCPT,1
FCT,1
FCTE,1
FCTR,1
FCUS,1
FCVT,1
FDAT,1
FDBC,1
FDCE,1
FDCF,1
FDEC,1
FDFF,1
FDG,1
FDGR,1
FDHT,1
FDHY,1
FDIF,1
FDIG,1
FDIS,1
FDIV,1
FDL,1
FDLO,1
FDLS,1
FDM,1
FDMO,1
FDN,1
FDND,1
FDNI,1
FDP,1
FDRR,1
FDS,1
FDSB,1
FDTX,1
FDUS,1
FDV,3
FDVL,1
FDVV,2
FDWM,1
FDX,1
FE,1
FEBP,1
FEBT,1
FEBW,1
FEBZ,1
FEIG,1
FELC,1
FELE,1
FELG,1
FELV,1
FEM,1
FEMS,1
FEPI,1
FERG,1
FESM,1
FETH,1
FEUS,1
FEX,1
FFA,1
FFBC,1
FFEB,1
FFIC,1
FFIN,1
FFIV,1
FFLC,1
FFLG,1
FFLS,1
FFLV,1
FFND,1
FFNW,4
FFOG,1
FFSM,1
FFTY,1
FFWM,2
FG,1
FGB,1
FGBI,1
FGBIP,1
FGD,1
FGF,1
FGFPP,1
FGN,3
FHB,1
FHEQ,1
FHI,1
FHN,1
FHTX,1
FHYS,1
FI,2
FIAX,1
FIBK,1
FICO,1
FICS,1
FIDU,2
FIG,1
FIGB,1
FIHL,1
FIIG,1
FINW,1
FINX,1
FIP,1
FIS,3
FISI,1
FISK,1
FITB,1
FITBO,3
FITE,1
FIVN,1
FIW,1
FIX,1
FIXD,1
FIZZ,1
FJUL,1
FJUN,1
FLAO,1
FLAU,1
FLCA,1
FLCB,1
FLCG,1
FLCO,1
FLCV,2
FLD,1
FLDDU,1
FLDZ,1
FLGC,1
FLGV,1
FLHY,1
FLIA,1
FLIC,1
FLJH,1
FLJJ,1
FLMB,1
FLMI,1
FLNC,3
FLO,1
FLOW,1
FLQL,1
FLQM,1
FLQS,1
FLR,2
FLRG,1
FLRT,1
FLS,1
FLUT,1
FLV,1
FLXS,1
FLYU,2
FLYW,1
FM,1
FMAG,1
FMAO,1
FMAR,1
FMAT,3
FMAY,1
FMB,1
FMBH,1
FMCX,1
FMDE,1
FMET,1
FMHI,1
FMNB,1
FMNY,1
FMQQ,1
FMS,1
FNA,1
FNB,1
FNCL,1
FND,1
FNDA,1
FNDB,1
FNDX,1
FNF,1
FNGG,1
FNGO,1
FNGR,1
FNGS,1
FNGU,1
FNK,1
FNLC,1
FNOV,1
FNWB,1
FNWD,3
FNX,1
FNY,1
FOCT,1
FOF,1
FONR,1
FORR,1
FORTY,1
FOUR,1
FOVL,1
FOX,1
FOXA,1
FOXO,1
FPA,1
FPAG,1
FPAY,1
FPE,1
FPEI,1
FPFD,1
FPI,1
FPRO,1
FPX,1
FPXE,1
FPXI,1
FQAL,1
FR,1
FRA,2
FRAF,1
FRBA,1
FREL,1
FRES,2
FREY,1
FRHC,1
FRI,1
FRME,1
FRPH,1
FRPT,1
FRSH,1
FRST,1
FRT,1
FRTY,1
FSBC,1
FSBD,1
FSBW,1
FSCC,1
FSCS,1
FSEC,1
FSEP,1
FSFG,1
FSHP,1
FSI,2
FSK,1
FSLD,1
FSM,1
FSMB,1
FSMD,1
FSP,1
FSS,1
FSST,1
FSTA,1
FSTR,1
FSV,3
FSYD,1
FT,1
FTA,1
FTAI,2
FTAIM,1
FTBD,1
FTC,1
FTCS,1
FTDR,1
FTDS,1
FTEC,1
FTEL,2
FTF,1
FTFT,1
FTGS,1
FTHI,1
FTHY,1
FTI,1
FTIF,1
FTK,1
FTLS,1
FTNT,1
FTQI,1
FTRB,1
FTRE,1
FTS,1
FTSL,1
FTV,1
FTWO,3
FTXG,1
FTXO,1
FTXR,1
FUFU,1
FUL,1
FULT,1
FUN,1
FUNC,1
FUND,1
FUNL,1
FUSB,1
FUTU,2
FUTY,1
FV,1
FVAL,1
FVC,1
FVCB,1
FVD,1
FVRR,1
FWD,1
FWRG,1
FXA,1
FXD,1
FXG,1
FXH,1
FXL,1
FXNC,1
FXO,1
FXR,1
FXU,1
FXY,1
FXZ,2
FYC,1
FYEE,1
FYLG,1
FYT,1
FYX,1
G,1
GAA,1
GAB,1
GABC,1
GABF,2
GAEM,1
GAIA,2
GAIN,2
GAL,1
GALT,1
GAM,1
GAMB,1
GAME,1
GAMR,1
GAP,1
GAPR,1
GARP,1
GAST,1
GATE,1
GATEU,1
GATX,1
GAUG,1
GBCI,1
GBF,1
GBLI,1
GBTC,1
GBTG,1
GBUY,1
GBX,1
GCAD,1
GCAL,1
GCBC,1
GCLN,1
GCOR,1
GCT,2
GCV,1
GDDY,1
GDEC,1
GDEN,1
GDEV,2
GDMA,1
GDOT,2
GDV,1
GEF,1
GEMD,1
GEN,1
GENC,1
GENI,1
GENK,2
GENM,1
GEO,1
GEOS,2
GERN,1
GES,1
GFEB,1
GFF,1
GFGF,1
GFL,1
GFS,1
GGB,1
GGG,1
GGM,1
GGME,1
GGRW,1
GGT,1
GGUS,1
GGZ,1
GH,1
GHC,1
GHIX,1
GHIXU,1
GHM,1
GHYB,1
GIAX,1
GIC,2
GIFI,1
GIGB,1
GII,3
GIL,3
GINN,1
GINX,1
GJUL,1
GJUN,1
GK,1
GLACU,1
GLBE,1
GLBZ,1
GLDD,2
GLLIU,1
GLOB,2
GLOF,1
GLOV,1
GLOW,1
GLP,1
GLRE,1
GLRY,1
GLSI,1
GLU,1
GLUE,1
GLW,2
GM,2
GMAR,1
GMAY,1
GME,1
GMED,1
GMNY,1
GMOM,1
GMS,1
GMUB,1
GMUN,1
GNMA,1
GNOV,1
GNPX,1
GNRC,2
GNS,1
GNSS,3
GNTX,1
GNTY,1
GNW,1
GO,1
GOCT,1
GOEV,2
GOF,1
GOGO,1
GOLF,1
GOOD,1
GOODN,2
GOODO,2
GOTU,1
GOVI,1
GOVZ,1
GPC,1
GPI,1
GPIQ,1
GPIX,1
GPK,1
GPMT,1
GPN,1
GPOW,1
GPRK,1
GPRO,2
GQI,1
GQRE,1
GRAB,1
GRABW,1
GRAL,1
GRBK,3
GRC,1
GREE,2
GREEL,1
GREI,1
GRF,1
GRI,1
GRID,1
GRMN,1
GRNB,1
GRPM,1
GRPZ,1
GRVY,1
GRW,1
GRX,1
GRYP,1
GS,1
GSAT,1
GSBC,1
GSC,1
GSEP,1
GSEW,1
GSFP,1
GSHD,1
GSIB,1
GSLC,1
GSM,1
GSPY,1
GSSC,1
GSUS,1
GT,1
GTBP,1
GTEK,1
GTES,1
GTI,1
GTIP,1
GTLB,1
GTLS,1
GTO,1
GTR,1
GTY,1
GUG,1
GUNZ,1
GURU,1
GUSA,1
GVA,1
GVIP,1
GVLU,1
GVUS,1
GWRE,3
GWRS,1
GWW,2
GXO,2
GXTG,1
GYLD,1
GYRO,2
H,1
HACK,1
HAE,1
HAFC,1
HAIN,1
HAL,1
HAPI,1
HAPR,1
HAPS,1
HAPY,1
HAS,1
HAUS,1
HAYW,1
HBAN,1
HBANL,3
HBCP,1
HBI,1
HBNC,1
HBT,1
HCAT,1
HCC,1
HCKT,1
HCMT,1
HCOW,1
HCRB,1
HCSG,1
HCXY,2
HD,1
HDB,1
HDG,1
HDLB,1
HDUS,1
HDV,2
HE,1
HEAT,1
HECO,1
HEES,2
HEGD,1
HEI,1
HEJD,1
HELE,1
HELO,1
HEPA,1
HEQ,1
HEQT,1
HERD,1
HERO,1
HF,3
HFFG,1
HFGO,1
HFND,1
HFWA,1
HGTY,1
HGV,1
HHH,1
HI,1
HIBL,1
HIDE,1
HIDV,1
HIFS,2
HIG,1
HIGH,1
HIMS,1
HIPO,1
HIPS,1
HISF,1
HIVE,2
HIX,1
HIYS,1
HJAN,1
HJUL,1
HKND,1
HLAL,1
HLF,1
HLGE,1
HLI,2
HLIO,1
HLMN,1
HLNE,2
HLT,1
HLX,1
HMN,1
HMOP,1
HNDL,1
HNI,1
HNRG,1
HNST,1
HNVR,1
HOCT,1
HODL,1
HOFT,1
HOG,1
HOLX,2
HOMB,1
HOMZ,1
HON,1
HONE,1
HOOD,1
HOPE,1
HOUS,1
HOV,1
HOWL,2
HPK,1
HPKEW,1
HPQ,2
HQGO,1
HQI,1
HQY,1
HR,1
HRI,2
HRTG,1
HRYU,1
HSIC,1
HSII,1
HSMV,1
HSON,1
HSPO,1
HSPOU,1
HST,1
HSTM,1
HSUN,1
HTAB,1
HTBI,1
HTBK,1
HTCR,1
HTD,3
HTFC,1
HTH,1
HTLD,1
HTLF,1
HTRB,1
HTUS,1
HTZ,1
HUBB,1
HUBG,1
HUBS,1
HUM,1
HURC,1
HUSV,1
HUT,1
HWBK,1
HWCPZ,3
HWKN,1
HWM,1
HYB,1
HYBB,1
HYBL,1
HYD,1
HYDB,1
HYDW,1
HYFI,1
HYG,1
HYGH,1
HYGI,1
HYGV,1
HYGW,1
HYHG,1
HYI,1
HYLB,1
HYLN,1
HYLS,1
HYMB,1
HYMU,1
HYRM,1
HYS,1
HYSA,1
HYSD,1
HYT,1
HYTR,1
HYUP,1
HYXF,1
HYZD,1
HYZN,1
HZO,1
IAC,3
IAF,1
IAGG,1
IAI,1
IAK,1
IART,1
IAS,1
IAT,1
IBAT,1
IBCP,1
IBD,1
IBDQ,1
IBDV,1
IBDW,1
IBDX,1
IBDY,1
IBDZ,1
IBGA,1
IBGK,1
IBHG,1
IBHH,1
IBHI,1
IBHJ,1
IBHK,1
IBII,1
IBIJ,1
IBIK,1
IBIT,1
IBKR,1
IBLC,1
IBMM,1
IBMO,1
IBMP,1
IBMQ,1
IBMR,1
IBMS,1
IBN,1
IBOC,1
IBOT,1
IBP,1
IBRN,2
IBRX,1
IBTO,1
IBTP,1
IBUY,1
ICAP,1
ICE,4
ICF,1
ICHR,1
ICLO,1
ICON,1
ICVT,1
IDA,1
IDCC,1
IDE,2
IDLV,1
IDMO,1
IDN,1
IDT,2
IDU,1
IE,2
IEDI,1
IEF,1
IESC,2
IETC,1
IEX,1
IFED,1
IFN,1
IFRA,1
IG,1
IGA,1
IGBH,1
IGD,1
IGE,1
IGEB,1
IGI,1
IGIB,1
IGIC,1
IGLB,1
IGM,1
IGMS,3
IGOV,1
IGPT,1
IGR,1
IGTA,1
IGV,1
IHAK,1
IHF,1
IHG,1
IHI,1
IHRT,1
IHYF,1
III,1
IIIN,1
IIIV,2
IIM,1
IINN,3
IIPR,3
IJH,1
IJJ,1
IJK,1
IJR,1
IJS,1
IJT,1
IKNA,2
ILAG,1
ILCB,1
ILCG,1
ILCV,1
ILDR,1
ILIT,2
ILTB,1
IMAX,1
IMCB,1
IMCC,1
IMCG,1
IMCV,1
IMKTA,1
IMPPP,1
IMSI,1
IMVT,1
IMXI,1
INAQ,1
INBK,1
INBKZ,1
INBS,1
INCE,3
INCM,1
INDB,1
INDF,1
INDI,1
INFL,2
INFU,1
INGR,1
INKM,1
INLX,2
INMD,1
INMU,1
INOD,1
INQQ,1
INRO,1
INSE,1
INTA,1
INTC,2
INTU,1
INVA,2
INVE,1
INVH,1
IONQ,1
IOSP,1
IOT,1
IOVA,2
IP,1
IPAC,1
IPAR,1
IPAV,1
IPAY,1
IPDN,2
IPDP,1
IPO,2
IPSC,1
IPX,1
IPXXU,1
IQHI,1
IQI,1
IQIN,1
IQM,1
IQQQ,1
IQRA,1
IQSM,1
IQSU,1
IR,1
IREN,1
IRET,1
IRM,2
IROHU,1
IRON,1
IRS,1
IRT,1
IRTR,1
ISCB,1
ISCG,1
ISCV,1
ISDR,1
ISHP,1
ISMD,1
ISPC,1
ISPR,1
ISPY,1
ISRA,1
ISRG,1
ISRL,1
ISRLU,2
ISTR,1
ITA,1
ITAN,1
ITB,1
ITDA,1
ITDB,1
ITDC,1
ITDD,1
ITDE,1
ITDF,1
ITDG,1
ITDH,1
ITDI,1
ITEQ,1
ITGR,1
ITIC,1
ITM,1
ITOT,1
ITRI,1
ITRM,1
ITRN,1
ITT,1
ITW,1
ITWO,1
IUS,1
IUSB,1
IUSG,1
IUSV,1
IVA,2
IVCB,2
IVCBU,1
IVCPU,1
IVE,1
IVEG,1
IVES,1
IVOG,1
IVOO,1
IVOV,1
IVRA,1
IVRS,1
IVT,1
IVV,1
IVVB,1
IVVM,1
IVVW,1
IVW,1
IVZ,1
IWB,1
IWC,1
IWD,1
IWDL,1
IWF,1
IWFG,1
IWFL,1
IWL,1
IWLG,1
IWM,1
IWMI,1
IWML,1
IWMW,1
IWMY,1
IWN,1
IWO,1
IWP,1
IWR,1
IWS,1
IWTR,1
IWV,1
IWX,3
IWY,1
IX,1
IXG,1
IXP,1
IYC,1
IYF,1
IYG,1
IYJ,2
IYK,1
IYM,3
IYR,1
IYT,2
IYW,1
IYY,1
IYZ,1
IZEA,2
IZM,1
JACK,1
JANJ,1
JANT,1
JANW,1
JANZ,1
JAVA,1
JAZZ,1
JBND,1
JBT,1
JCE,1
JCI,1
JCPB,1
JCTR,1
JEF,1
JEMA,1
JEMB,1
JEPI,1
JEPQ,1
JEPY,4
JETS,2
JETU,2
JFR,1
JGH,1
JGLO,1
JGRO,1
JGRW,1
JHAC,1
JHCB,1
JHDV,1
JHG,1
JHHY,1
JHML,1
JHMM,1
JHMU,1
JHPI,1
JHS,1
JHSC,1
JHX,1
JIG,1
JILL,1
JIRE,1
JJSF,1
JLL,1
JLQD,1
JMEE,1
JMHI,1
JMOM,1
JMSB,2
JMSI,1
JMST,1
JMUB,1
JNEU,1
JNK,1
JOET,1
JPC,1
JPEF,1
JPEM,1
JPIB,1
JPIN,1
JPM,1
JPMB,1
JPME,1
JPMO,1
JPRE,1
JPSE,1
JPSV,1
JPUS,1
JQC,1
JQUA,1
JRE,1
JRI,1
JRS,1
JRSH,1
JSM,1
JSMD,1
JSML,1
JSPR,1
JSTC,1
JTEK,1
JULD,1
JULH,1
JULJ,1
JULM,1
JULP,1
JULQ,1
JULT,1
JULU,1
JULW,1
JULZ,1
JUNE,2
JUNM,1
JUNP,1
JUNT,1
JUNW,1
JUNZ,1
JUST,1
JVA,1
JVAL,1
JVSAU,2
JWEL,1
JXN,2
JZ,2
KAI,1
KALU,1
KAPR,1
KAR,1
KARS,3
KAUG,1
KB,2
KBE,1
KBH,1
KBWB,1
KBWD,1
KBWP,1
KBWR,1
KBWY,3
KC,1
KCE,1
KD,1
KDRN,1
KE,1
KEAT,1
KEMQ,1
KEP,1
KEX,1
KEY,1
KEYS,1
KFRC,1
KFS,2
KFY,1
KGS,1
KHPI,1
KHYB,2
KIE,1
KIM,1
KIND,1
KINS,1
KJAN,1
KJUL,1
KJUN,1
KKR,1
KLG,1
KLIC,1
KLMT,1
KLTR,1
KLXE,1
KMI,2
KMPB,1
KMPR,1
KMT,1
KMX,1
KNCT,1
KNF,1
KNG,1
KNGS,2
KNGZ,1
KNO,1
KNOW,1
KNSL,1
KNTK,1
KNW,1
KNX,1
KOCG,1
KOCT,1
KOD,1
KODK,1
KOKU,1
KOLD,2
KOMP,1
KONG,2
KOOL,1
KOP,1
KORP,1
KPOP,1
KPTI,2
KQQQ,1
KR,1
KRE,1
KREF,1
KRG,1
KRMA,1
KRMD,1
KRNT,1
KRNY,1
KRO,2
KROP,1
KROS,1
KRRO,2
KRT,1
KRUS,2
KRUZ,1
KRYS,1
KSCP,1
KSEA,1
KSEP,1
KSPI,1
KSPY,1
KSTR,2
KT,1
KTB,1
KTCC,3
KTF,1
KURA,2
KURE,1
KVHI,1
KVLE,1
KVUE,1
KW,1
KWR,1
KXI,1
KYN,1
KZIA,2
KZR,2
L,1
LABU,1
LAC,2
LAD,1
LADR,1
LALT,1
LAMR,3
LANC,1
LANDM,1
LANDO,1
LANDP,1
LARK,1
LATG,1
LAUR,1
LAW,1
LAZ,1
LBAY,4
LBO,2
LBRDA,2
LBRDK,2
LC,1
LCDS,1
LCF,1
LCG,1
LCII,1
LCLG,1
LCNB,1
LCR,1
LCTU,1
LDI,1
LDP,1
LDSF,1
LE,3
LEAD,1
LECO,1
LEE,2
LEG,1
LEGH,1
LEGN,1
LEGR,1
LEGT,1
LEN,1
LENZ,1
LEO,1
LEXI,1
LFAN,1
LFAV,1
LFCR,1
LFEQ,1
LFMD,1
LGH,1
LGIH,1
LGLV,1
LGMK,1
LGND,1
LGOV,1
LGRO,1
LH,1
LHX,2
LIAK,1
LIAT,1
LICN,1
LIF,2
LII,1
LIN,3
LINC,1
LIND,1
LIT,2
LITE,1
LIVN,2
LJAN,1
LJUL,1
LKFN,1
LKOR,1
LKQ,1
LLDR,1
LLYVA,2
LLYVK,2
LMAT,1
LMB,1
LMBO,1
LMFA,1
LMND,1
LMNR,1
LNC,2
LNKB,1
LNN,1
LNSR,1
LNT,1
LNW,1
LOAR,1
LOB,1
LOBO,2
LOCO,1
LOCT,1
LOGC,1
LOMA,1
LONZ,1
LOPE,1
LOPP,1
LOUP,1
LOVE,1
LOW,1
LOWV,1
LPLA,1
LPRO,1
LPX,1
LQAI,1
LQD,1
LQDB,1
LQDH,1
LQDI,1
LQDT,1
LQIG,1
LQR,1
LRE,1
LRFC,1
LRGC,1
LRGE,1
LRGF,1
LRGG,1
LRMR,2
LRN,1
LRND,1
LRNZ,1
LSAF,2
LSAT,1
LSEA,1
LSEQ,1
LSF,2
LSGR,1
LSPD,1
LSTR,1
LTC,1
LTL,1
LTM,1
LTPZ,1
LUCD,1
LUMN,2
LUV,1
LUXX,1
LVHD,1
LVOL,1
LVRO,1
LVS,1
LVTX,2
LVWR,1
LW,2
LXFR,2
LXP,1
LYEL,1
LYFT,1
LYLD,1
LYT,2
LYTS,1
LYV,1
LZ,1
LZB,1
LZM,1
MA,2
MAA,1
MAC,1
MACIU,2
MADE,1
MAGA,1
MAGG,1
MAGS,1
MAGX,1
MAKX,1
MAMA,1
MAMB,1
MANH,1
MANU,1
MAPP,1
MAR,1
MARA,1
MARM,1
MART,1
MARW,1
MARX,1
MARXU,1
MARZ,1
MASI,1
MATW,1
MATX,1
MAV,1
MAXI,1
MAXN,1
MAYP,1
MAYT,1
MAYU,1
MAYW,1
MAYZ,1
MBB,1
MBBB,1
MBCC,1
MBCN,1
MBI,1
MBIN,1
MBLY,1
MBND,1
MBNE,1
MBOX,1
MBRX,1
MBUU,2
MBWM,1
MC,1
MCB,1
MCBS,1
MCFT,1
MCH,2
MCK,1
MCN,1
MCO,1
MCRI,1
MCS,1
MCW,1
MCY,1
MD,2
MDB,1
MDCP,2
MDGL,1
MDIV,1
MDLV,3
MDPL,1
MDRRP,1
MDV,3
MDXG,1
MDY,1
MDYG,1
MDYV,1
MEAR,1
MED,1
MET,3
METC,1
METCB,1
METV,1
MFAO,1
MFC,3
MFEM,1
MFG,1
MFH,1
MFIC,1
MFIN,2
MFLX,1
MFM,1
MFUL,1
MFUS,1
MGA,1
MGC,1
MGEE,1
MGK,1
MGM,2
MGMT,1
MGNI,1
MGNR,1
MGOL,2
MGOV,1
MGRC,1
MGRO,1
MGV,3
MGYR,1
MHD,1
MHF,1
MHH,1
MHI,1
MHLA,2
MHN,1
MHO,1
MID,1
MIDD,1
MIDE,1
MIDU,1
MIG,1
MIGI,1
MILN,1
MINN,1
MINO,1
MINV,1
MIO,1
MIR,2
MIRM,1
MIY,1
MKAM,1
MKL,1
MKSI,1
MKTX,2
ML,1
MLKN,1
MLM,2
MLN,1
MLNK,1
MLP,1
MLPA,1
MLPB,1
MLPD,1
MLPR,1
MLPX,1
MLR,1
MLTX,1
MMC,1
MMCA,1
MMI,1
MMIN,1
MMIT,1
MMLG,1
MMLP,2
MMSC,1
MMSI,1
MMTM,1
MMU,1
MNBD,1
MNDY,2
MNKD,2
MNMD,1
MNPR,1
MNRO,2
MNSB,1
MNST,2
MNTN,1
MNY,1
MO,1
MOAT,1
MOD,1
MODL,1
MODV,1
MOFG,1
MOGO,1
MOND,1
MOOD,1
MORN,1
MOTE,1
MOTG,1
MOV,1
MP,2
MPA,1
MPAA,1
MPAY,1
MPB,2
MPLX,1
MPRO,1
MPTI,1
MPU,1
MPX,1
MQQQ,1
MQT,1
MQY,1
MRBK,1
MRC,1
MRCC,1
MRCP,1
MRKR,1
MRM,1
MRSK,1
MRSN,1
MRTN,1
MRVL,1
MRX,1
MS,2
MSA,1
MSB,3
MSBI,1
MSC,1
MSCI,1
MSEX,1
MSFL,1
MSFO,1
MSFT,1
MSFU,1
MSFX,1
MSFY,1
MSGS,1
MSI,2
MSMR,1
MSSA,1
MSSS,1
MSTB,1
MSTI,1
MSTQ,1
MSTR,2
MSTX,2
MSTY,2
MT,1
MTAL,1
MTB,1
MTBA,1
MTEM,1
MTG,1
MTH,1
MTLS,1
MTN,1
MTR,1
MTRN,1
MTRX,1
MTSI,1
MTUL,2
MTUM,1
MTUS,1
MTW,1
MTX,1
MUA,1
MUB,1
MUC,1
MUE,1
MUFG,1
MUI,1
MUJ,1
MULN,1
MUNI,1
MURA,1
MUSA,1
MUSI,1
MUSQ,1
MUST,1
MVAL,1
MVBF,1
MVF,1
MVFD,1
MVFG,1
MVPA,1
MVPL,1
MVPS,1
MVT,1
MVV,1
MWA,1
MXI,3
MYD,1
MYFW,1
MYI,1
MYLD,1
MYN,1
MYNA,1
MYND,1
MYPS,1
MYRG,1
NAAS,1
NAC,1
NACP,1
NAD,1
NAIL,1
NAN,1
NANC,1
NAOV,1
NAPA,1
NAPR,1
NATH,2
NATL,1
NATR,1
NAUG,1
NAVI,1
NAZ,1
NBB,1
NBBK,1
NBCC,1
NBCE,2
NBCR,1
NBCT,1
NBDS,1
NBFC,1
NBGR,1
NBH,1
NBHC,1
NBN,2
NBOS,1
NBSM,1
NBTB,1
NBXG,1
NCLH,2
NCMI,1
NCNO,2
NCPB,1
NCSM,1
NCTY,1
NCV,1
NCZ,1
NDAQ,1
NDMO,1
NDOW,1
NDSN,1
NDVG,1
NEA,1
NECB,2
NEGG,1
NEO,1
NEOV,1
NERD,1
NET,1
NETL,1
NETZ,1
NEU,1
NEWP,2
NEWT,2
NEWTG,2
NEWTI,1
NEWTZ,1
NEWZ,1
NEXT,1
NFBK,1
NFJ,1
NFLP,1
NFLT,1
NFLX,1
NFLY,1
NFRA,1
NGS,1
NGVC,1
NGVT,1
NHC,1
NHI,1
NI,1
NIC,1
NICE,1
NIE,1
NIKL,3
NINE,1
NITE,1
NIXT,1
NJNK,1
NJR,1
NJUL,1
NJUN,1
NKSH,1
NL,3
NLOP,1
NLR,2
NLY,1
NMB,1
NMFC,1
NMIH,1
NML,1
NMR,1
NMRK,1
NMS,1
NMT,3
NMZ,1
NN,1
NNBR,1
NNE,1
NOAH,3
NOBL,3
NOCT,1
NODK,1
NOG,1
NOTV,1
NOVP,1
NOVT,2
NOVZ,1
NOW,1
NPCE,1
NPCT,1
NPFD,1
NPFI,1
NPO,1
NPV,1
NPWR,1
NQP,1
NR,1
NRC,1
NREF,1
NRIM,1
NRK,1
NRP,1
NRSH,1
NSA,1
NSC,1
NSCR,1
NSCS,1
NSEP,1
NSSC,1
NTAP,1
NTB,1
NTCT,1
NTGR,1
NTIC,1
NTLA,1
NTNX,1
NTRA,1
NTRS,1
NTSE,1
NTST,1
NTSX,1
NUAG,1
NUBD,1
NUDV,1
NUE,2
NUGO,1
NUHY,1
NUKZ,2
NULC,1
NULG,1
NULV,1
NUMG,1
NUMV,1
NURE,1
NUS,1
NUSC,1
NUSI,1
NUTX,1
NUVB,1
NUVL,1
NVBT,1
NVBW,2
NVDA,2
NVDU,2
NVDW,2
NVDX,2
NVDY,2
NVEE,2
NVG,1
NVIR,1
NVO,1
NVR,3
NVST,1
NVT,2
NWBI,1
NWFL,2
NWG,1
NWGL,1
NWL,1
NWLG,1
NWN,1
NWPX,1
NWS,1
NWSA,1
NWTN,1
NX,2
NXE,1
NXG,1
NXL,1
NXRT,1
NXST,2
NXTC,2
NXTI,1
NXTV,1
NYF,1
NYMT,1
NYMTL,1
NYMTM,2
NYT,2
NZAC,1
NZF,1
NZUS,1
OABI,1
OACP,1
OAKU,1
OAKUU,2
OALC,1
OARK,1
OASC,1
OBK,1
OBND,1
OBT,1
OC,1
OCCI,1
OCCIN,3
OCCIO,2
OCFC,1
OCFCP,1
OCFS,3
OCIO,1
OCTD,1
OCTH,1
OCTJ,1
OCTP,1
OCTQ,1
OCTT,1
OCTW,1
OCTZ,1
ODD,1
ODDS,1
ODFL,1
OEC,1
OEF,1
OFG,1
OFIX,1
OFLX,2
OGCP,1
OGE,1
OGIG,1
OGS,1
OHI,4
OI,3
OIA,1
OII,1
OIS,1
OKE,1
OLN,1
OLO,1
OLP,1
OM,1
OMC,3
OMCL,1
OMER,1
OMF,1
OMFL,1
OMFS,1
OMIC,1
ON,1
ONB,1
ONBPP,1
ONCT,1
OND,1
ONEO,1
ONEQ,1
ONEV,1
ONEW,1
ONEY,1
ONFO,1
ONIT,1
ONL,1
ONLN,1
ONOF,1
ONON,1
ONTF,1
OOMA,1
OOTO,1
OPAD,1
OPAL,2
OPBK,1
OPEN,1
OPFI,1
OPHC,1
OPK,1
OPRA,1
OPRT,1
OPTZ,1
OPXS,2
OPY,1
ORA,2
ORCL,2
ORGO,1
ORI,1
ORLY,1
ORN,1
ORRF,2
OS,1
OSBC,1
OSCV,1
OSIS,1
OSK,1
OSPN,1
OSW,1
OTIS,3
OTTR,1
OUSA,1
OUSM,1
OUT,1
OVB,1
OVBC,1
OVF,1
OVID,2
OVL,1
OVLH,1
OVLY,1
OVM,1
OVS,1
OVT,1
OWL,2
OWLT,2
OWNS,1
OXLC,2
OXLCO,1
OXLCZ,1
OXSQZ,1
OZ,1
OZEM,1
OZK,1
PAB,1
PABU,1
PAC,1
PACK,1
PAG,1
PAHC,2
PAI,1
PALC,1
PAM,1
PAMC,1
PANW,1
PAPI,1
PAPR,1
PAR,1
PARAA,1
PATH,1
PATK,1
PAUG,1
PAVE,1
PAVM,1
PAWZ,1
PAX,1
PAXS,1
PAY,1
PAYC,1
PAYO,1
PAYX,2
PB,1
PBA,3
PBAP,1
PBAU,1
PBDE,1
PBFB,1
PBFR,1
PBFS,1
PBH,1
PBHC,1
PBI,1
PBJ,1
PBJA,1
PBJL,1
PBJN,1
PBL,1
PBMR,1
PBMY,1
PBNV,1
PBOC,1
PBPB,1
PBSE,1
PBT,1
PBUS,1
PCAR,2
PCB,1
PCEF,1
PCF,1
PCG,1
PCGG,1
PCH,1
PCIG,1
PCM,2
PCN,1
PCOR,1
PCQ,3
PCRB,1
PCT,2
PCTTU,2
PCTY,1
PCY,1
PCYO,1
PD,1
PDEC,1
PDEX,1
PDFS,1
PDLB,1
PDP,1
PDX,1
PEB,1
PEBK,1
PEBO,1
PECO,1
PEG,1
PEGA,1
PEJ,1
PEN,1
PENN,1
PESI,2
PETS,1
PEXL,1
PEY,1
PEZ,1
PFBC,1
PFC,1
PFEB,1
PFFA,3
PFFV,1
PFG,3
PFGC,2
PFI,1
PFIE,1
PFIG,1
PFIS,1
PFLD,3
PFM,1
PFRL,2
PFS,1
PFSI,1
PFTA,1
PFUT,1
PG,1
PGC,1
PGHY,1
PGP,1
PGR,1
PGRO,1
PGZ,1
PH,1
PHB,1
PHD,1
PHDG,1
PHEQ,1
PHIN,1
PHK,1
PHM,3
PHO,1
PHT,1
PHYD,1
PHYL,1
PI,3
PICK,3
PIE,1
PII,1
PIK,1
PILL,2
PINC,1
PIO,1
PIPR,1
PIZ,1
PJAN,1
PJFG,1
PJFM,1
PJFV,1
PJT,1
PJUL,1
PJUN,1
PK,1
PKB,1
PKBK,1
PKE,1
PKG,1
PKOH,1
PKST,3
PKW,1
PL,1
PLAY,2
PLBC,1
PLBY,1
PLCE,1
PLDR,1
PLG,2
PLL,2
PLMJ,2
PLMR,1
PLNT,1
PLOW,1
PLPC,1
PLTK,1
PLTR,1
PLUR,1
PLXS,1
PM,1
PMAR,1
PMAX,1
PMAY,1
PMD,1
PMF,3
PML,1
PMM,1
PMO,1
PMTS,1
PMVP,2
PMX,1
PNBK,1
PNC,1
PNF,3
PNFP,1
PNFPP,1
PNI,1
PNOV,1
PNQI,1
PNR,1
PNRG,1
PNST,1
PNTG,3
PNW,1
POCI,1
POCT,1
PODC,1
PODD,1
POOL,1
POR,1
POWA,1
POWI,1
POWWP,1
PPA,2
PPBI,1
PPC,1
PPG,1
PPI,1
PPIH,1
PPL,1
PPSI,2
PPTY,1
PQDI,1
PRA,1
PRAE,1
PRAY,1
PRCH,1
PRCT,1
PRDO,1
PREF,1
PRF,1
PRFD,1
PRFZ,1
PRG,1
PRGO,1
PRGS,1
PRI,2
PRIM,1
PRK,1
PRKS,1
PRLB,1
PRLH,1
PRMN,2
PRN,2
PRNT,1
PRO,1
PROK,1
PROV,1
PRQR,1
PRS,1
PRTC,1
PRTH,1
PRU,2
PRVA,1
PSA,1
PSC,1
PSCC,1
PSCD,1
PSCF,1
PSCH,1
PSCI,1
PSCJ,1
PSCM,1
PSCQ,1
PSCT,1
PSCU,1
PSCW,1
PSCX,1
PSEP,1
PSET,1
PSFD,1
PSFF,1
PSFJ,1
PSFM,1
PSFO,1
PSH,1
PSL,1
PSMD,1
PSMJ,1
PSMO,1
PSMR,1
PSO,1
PSP,1
PSR,1
PSTL,1
PSTP,1
PSTR,1
PSWD,1
PSX,1
PTBD,1
PTC,1
PTCT,1
PTEC,1
PTF,1
PTH,2
PTHL,1
PTIR,1
PTL,1
PTLC,1
PTMC,1
PTNQ,1
PTON,1
PTRB,1
PTY,1
PUBM,1
PUI,1
PUTD,1
PUTW,1
PVAL,1
PVBC,1
PVH,1
PWB,1
PWER,1
PWOD,1
PWP,1
PWR,1
PWS,1
PWUPU,1
PWV,1
PWZ,1
PX,1
PXI,1
PXLW,1
PY,1
PYCR,1
PYN,1
PYPL,1
PYPY,1
PYT,1
PYZ,3
PZA,1
PZT,1
PZZA,2
QABA,1
QAI,1
QARP,1
QBUL,1
QCAP,1
QCJL,1
QCLR,1
QCON,2
QCRH,1
QD,1
QDCC,1
QDEC,1
QDEF,1
QDF,1
QDIV,1
QDPL,1
QDTE,1
QDVO,1
QETA,1
QETH,1
QFLR,1
QGRO,1
QGRW,1
QHDG,1
QHY,1
QIG,1
QIS,1
QJUN,1
QLC,1
QLD,1
QLTA,1
QLTY,1
QLV,1
QLYS,1
QMAG,1
QMAR,1
QMID,1
QMMY,1
QMOM,1
QNCX,1
QNTM,2
QOWZ,1
QPFF,3
QPX,1
QQA,1
QQEW,1
QQH,1
QQJG,1
QQMG,1
QQQ,1
QQQA,1
QQQE,1
QQQG,1
QQQI,1
QQQJ,1
QQQM,1
QQQS,1
QQQT,1
QQQU,1
QQQW,1
QQQY,1
QQXT,1
QRFT,1
QRTEP,1
QSG,2
QSML,1
QSPT,1
QSR,1
QSWN,1
QTAP,1
QTEC,1
QTJL,1
QTOC,1
QTR,1
QTWO,1
QUAD,1
QUAL,1
QUBT,1
QULL,1
QUS,1
QUVU,2
QVAL,1
QVML,1
QVMM,1
QVMS,1
QVOY,1
QWLD,1
QXO,1
QXQ,1
QYLG,1
R,1
RAFE,1
RAMP,1
RANI,2
RAPP,2
RAVE,2
RAVI,1
RAYD,1
RAYS,2
RBA,1
RBB,1
RBBN,1
RBC,1
RBCAA,1
RBKB,1
RBLD,1
RBOT,1
RBRK,1
RBUF,1
RC,1
RCEL,1
RCG,1
RCI,1
RCL,1
RCMT,2
RCS,1
RDDT,1
RDFI,1
RDFN,1
RDIV,1
RDN,1
RDNT,1
RDOG,1
RDTE,1
RDUS,1
RDVI,1
RDVT,1
RDVY,1
RDWR,1
REAI,1
REAX,1
RECS,1
REET,1
REFI,1
REG,1
REGL,1
REIT,1
RELL,2
RELY,1
REM,1
RENT,1
RERE,1
RETL,1
REVG,1
REVS,1
REZ,1
REZI,1
RF,1
RFAC,1
RFCI,1
RFDA,1
RFFC,1
RFG,1
RFI,1
RFM,1
RFV,1
RGA,1
RGC,1
RGLD,1
RGNX,1
RGT,1
RHI,1
RHP,1
RHRX,2
RHTX,1
RIET,1
RIGL,1
RIGS,1
RILY,1
RILYG,1
RILYK,1
RILYN,1
RILYT,1
RILYZ,1
RINC,1
RIOT,2
RISN,1
RITA,1
RIV,1
RJF,1
RJMG,1
RKLB,1
RLGT,1
RLI,1
RLJ,1
RLTY,3
RMAX,1
RMBI,1
RMBL,1
RMBS,1
RMCA,1
RMCF,2
RMD,1
RMI,1
RMIF,1
RMM,1
RMNY,1
RMOP,1
RMT,1
RNA,2
RNAZ,2
RND,1
RNEW,1
RNG,1
RNGR,1
RNP,4
RNR,1
RNSC,1
RNST,1
RNXT,1
ROAD,1
ROBT,1
ROCK,1
ROCLU,1
RODM,1
ROE,1
ROG,1
ROIC,1
ROIV,1
ROK,1
ROKT,1
ROL,1
ROM,1
ROMO,1
ROOF,2
ROOT,1
ROP,1
RORO,1
ROSC,1
ROUS,1
RPAR,1
RPAY,1
RPD,1
RPG,1
RPHS,1
RPM,2
RPTX,2
RPV,1
RQI,1
RRBI,1
RRR,1
RRX,2
RS,1
RSEE,1
RSG,1
RSHO,1
RSI,1
RSJN,1
RSLS,1
RSP,1
RSPA,1
RSPC,1
RSPD,1
RSPE,1
RSPF,1
RSPM,3
RSPN,2
RSPR,1
RSPS,1
RSPT,1
RSPU,1
RSSB,1
RSSL,1
RSSY,1
RSVR,1
RSVRW,1
RTAI,1
RTC,1
RTH,1
RTO,1
RTRE,1
RULE,1
RUNN,2
RUSHA,1
RUSHB,1
RVER,1
RVLV,1
RVMD,2
RVNU,1
RVRB,1
RVSB,1
RVT,1
RWAYL,3
RWAYZ,1
RWJ,1
RWK,1
RWL,1
RWO,1
RWR,1
RXI,1
RXO,2
RXST,2
RY,1
RYAAY,1
RYAM,1
RYAN,1
RYI,2
RYLD,1
RYLG,1
RYN,1
RYTM,1
RZB,1
RZC,2
RZG,1
RZV,1
S,2
SAA,1
SABA,1
SABR,1
SAEF,1
SAFT,1
SAGP,1
SAH,1
SAIA,1
SAM,1
SAMG,1
SAMM,1
SAMT,1
SAR,1
SASR,1
SATO,1
SAUG,1
SAWG,1
SAWS,1
SAY,1
SAZ,1
SBAC,3
SBCF,1
SBFG,1
SBGI,2
SBH,1
SBI,1
SBIO,2
SBND,1
SBRA,3
SBS,1
SBSI,1
SBSW,2
SBT,1
SBUX,1
SCAP,1
SCD,1
SCDL,2
SCHA,1
SCHB,1
SCHD,1
SCHG,1
SCHH,1
SCHI,1
SCHK,1
SCHL,1
SCHM,1
SCHP,1
SCHQ,1
SCHV,1
SCHW,1
SCHX,1
SCHZ,1
SCI,1
SCKT,1
SCL,1
SCLZ,1
SCMB,1
SCO,1
SCOR,1
SCS,1
SCWO,2
SCYB,1
SDGR,1
SDHC,1
SDHY,3
SDIG,1
SDOG,3
SDRL,1
SDST,3
SDVD,1
SDVY,1
SDY,3
SE,1
SEA,1
SECT,1
SEE,1
SEED,1
SEER,1
SEG,1
SEIC,1
SEIM,1
SEIQ,1
SEIV,1
SELV,1
SEM,1
SEPP,1
SEPT,1
SEPU,1
SEPW,1
SEPZ,1
SETM,2
SEZL,1
SF,2
SFBS,1
SFEB,1
SFIX,1
SFLO,1
SFLR,1
SFM,1
SFNC,2
SFST,1
SFY,1
SFYF,1
SFYX,1
SG,1
SGC,1
SGHC,1
SGLC,1
SGMA,2
SGMO,1
SGN,2
SGU,1
SHAK,1
SHBI,1
SHDG,1
SHE,1
SHG,4
SHLD,2
SHM,1
SHOO,1
SHOP,1
SHPP,1
SHRY,1
SHUS,1
SHW,1
SHYD,1
SHYF,1
SHYG,1
SHYL,1
SID,1
SIEB,1
SIG,2
SIGI,1
SIHY,1
SIL,2
SILA,1
SILV,1
SIMS,1
SIRI,1
SITE,1
SITM,1
SIXA,3
SIXD,1
SIXF,1
SIXG,1
SIXH,2
SIXJ,1
SIXL,1
SIXO,1
SIXP,1
SIXS,1
SIXZ,1
SIZE,1
SJ,1
SJCP,1
SJNK,1
SJW,1
SKM,1
SKOR,1
SKT,1
SKWD,1
SKY,1
SKYE,2
SKYH,1
SKYU,1
SKYW,2
SKYY,1
SLB,1
SLDB,1
SLF,1
SLG,2
SLGN,1
SLNH,2
SLNHP,1
SLRC,1
SLRN,2
SLVM,2
SLX,1
SLYG,1
SLYV,1
SMAY,1
SMB,1
SMBC,1
SMBK,1
SMCF,1
SMCO,1
SMDV,1
SMFG,1
SMI,1
SMID,1
SMIG,1
SMIZ,1
SMLF,1
SMLL,1
SMLR,1
SMLV,1
SMMD,1
SMMU,1
SMMV,1
SMOT,1
SMP,1
SMPL,1
SMR,2
SMRI,1
SMTH,1
SMTI,1
SMWB,1
SMXT,1
SNA,1
SNAV,1
SNDR,1
SNEX,1
SNFCA,1
SNOV,1
SNOW,1
SNOY,1
SNPD,1
SNPE,1
SNPG,1
SNPS,1
SNPV,1
SNSR,1
SNT,1
SNV,1
SOBR,2
SOCL,1
SOF,1
SOFI,1
SOLR,1
SOR,1
SOTK,1
SOVF,1
SOXS,1
SPAB,1
SPAM,1
SPB,1
SPBC,1
SPBO,1
SPCE,1
SPD,1
SPDG,1
SPDV,1
SPE,2
SPFF,1
SPFI,1
SPG,1
SPGC,1
SPGI,1
SPGM,1
SPGP,1
SPHB,1
SPHD,1
SPHQ,1
SPHY,1
SPIB,1
SPIN,1
SPIP,1
SPIR,1
SPLB,1
SPLG,1
SPLV,1
SPMB,1
SPMD,1
SPMO,1
SPMV,1
SPNT,1
SPOK,1
SPOT,1
SPPL,1
SPQ,1
SPRB,2
SPRE,1
SPRX,1
SPRY,2
SPSC,1
SPSM,1
SPT,1
SPTB,1
SPTL,1
SPTM,1
SPUC,1
SPUS,1
SPUU,1
SPVM,1
SPVU,1
SPXC,1
SPXE,1
SPXL,1
SPXN,1
SPXT,1
SPXV,1
SPXX,1
SPY,1
SPYB,1
SPYC,1
SPYD,1
SPYG,1
SPYI,1
SPYM,1
SPYT,1
SPYU,1
SPYV,1
SPYX,1
SQ,1
SQEW,1
SQLV,1
SQY,1
SR,1
SRAD,1
SRCE,1
SRCL,1
SRDX,1
SRE,1
SRHQ,1
SRHR,1
SROI,1
SRTS,1
SRVR,3
SSB,1
SSBK,1
SSD,1
SSFI,1
SSO,1
SSPX,1
SSPY,1
SSTK,1
SSUS,1
SSYS,1
ST,2
STAG,1
STAX,1
STBA,1
STC,1
STCE,1
STEC,1
STEL,1
STEP,2
STEW,1
STGW,1
STKL,1
STLD,2
STN,1
STNC,1
STOK,1
STRA,1
STRL,2
STRS,1
STRT,1
STRV,1
STT,1
STXD,1
STXG,1
STXK,1
STXM,1
STXT,1
STXV,2
STZ,1
SUGP,1
SUN,1
SUPL,1
SUPP,2
SURE,1
SURI,2
SUSA,1
SUSC,1
SUSL,1
SUZ,1
SVAL,1
SVIX,1
SVOL,1
SVXY,1
SW,1
SWAG,1
SWAN,1
SWBI,1
SWI,1
SWTX,1
SWX,1
SXC,1
SXI,1
SXQG,1
SXT,1
SYBT,1
SYF,1
SYFI,1
SYK,1
SYLD,1
SYM,2
SYY,1
SZNE,1
T,1
TACK,1
TAFI,1
TAFL,1
TAFM,1
TAGG,1
TALK,2
TAP,1
TARK,1
TAXE,1
TAXF,1
TAYD,1
TBBK,1
TBFC,1
TBFG,1
TBG,1
TBIL,1
TBJL,1
TBMC,1
TBNK,2
TBPH,1
TCAF,1
TCBI,2
TCBK,1
TCBX,1
TCHP,1
TCMD,1
TCOM,1
TCPC,1
TCRX,2
TCS,2
TCTM,2
TDI,1
TDOC,1
TDS,1
TDSB,1
TDSC,1
TDTF,1
TDUP,1
TDV,1
TDVG,1
TDY,2
TEAM,1
TECB,1
TECL,1
TECX,2
TEF,1
TEKX,1
TEL,1
TELA,1
TEM,1
TEMP,3
TENB,1
TEO,1
TEQI,1
TEX,2
TFC,1
TFFP,2
TFI,1
TFII,1
TFIN,1
TFLO,1
TFLR,1
TFPM,2
TFPN,1
TFSL,1
TGAA,1
TGI,1
TGLR,1
TGLS,1
TGNA,1
TGRT,1
TGRW,1
TGS,1
TGTX,1
THAR,1
THCH,1
THD,1
THFF,1
THG,1
THLV,1
THNQ,1
THO,2
THR,1
THRD,2
THRM,1
THY,1
THYF,1
TILE,1
TILT,1
TIME,1
TIP,1
TIPT,1
TIPZ,1
TITN,1
TJUL,1
TJX,1
TLH,1
TLSA,1
TLT,1
TLTW,1
TMAT,1
TMCI,1
TMDV,1
TMF,1
TMFC,1
TMFE,1
TMFG,1
TMFM,1
TMFS,1
TMFX,1
TMHC,1
TMP,1
TMQ,1
TMSL,1
TMTC,1
TMTCU,1
TMUS,2
TNA,1
TNL,1
TNYA,1
TOGA,1
TOK,1
TOL,1
TOLL,1
TOLZ,1
TOST,1
TOTL,1
TOTR,1
TOWN,1
TPB,1
TPC,2
TPG,3
TPGXL,1
TPH,1
TPHD,1
TPHE,1
TPL,1
TPLC,1
TPLE,1
TPOR,2
TPSC,1
TPTA,1
TPVG,1
TPX,1
TPYP,1
TPZ,1
TQQQ,1
TR,1
TRAK,1
TRDA,1
TREX,1
TRFK,1
TRGP,1
TRI,1
TRMB,1
TRMK,1
TRML,3
TRN,1
TRND,1
TROW,1
TRP,4
TRS,2
TRST,1
TRT,2
TRTX,1
TRTY,1
TRUE,2
TRUP,2
TRV,1
TS,1
TSBK,1
TSCO,1
TSHA,1
TSL,1
TSLA,1
TSLL,1
TSLP,1
TSLR,1
TSLT,1
TSLW,1
TSLY,1
TSME,1
TSN,1
TSPA,1
TSPY,1
TSQ,1
TT,1
TTAC,1
TTAI,1
TTC,1
TTD,2
TTGT,1
TTMI,1
TTP,1
TTWO,1
TU,1
TUG,1
TUGN,1
TUR,1
TVAL,1
TVTX,3
TW,2
TWFG,1
TWIN,1
TWIO,1
TWLO,1
TX,2
TXNM,1
TXRH,1
TXS,1
TXSS,1
TXT,1
TY,1
TYD,1
TYG,1
TYL,1
TYLG,1
TZOO,1
UA,1
UAA,1
UAL,1
UAPR,1
UAUG,1
UBFO,1
UBND,1
UBOT,1
UBSI,1
UBT,1
UCB,1
UCC,1
UCRD,1
UCYB,1
UDEC,1
UDI,2
UDIV,1
UDOW,1
UDR,1
UE,2
UEC,2
UEIC,1
UFCS,1
UFEB,1
UFO,1
UFPI,1
UFPT,1
UGE,1
UGRO,2
UHG,1
UHT,1
UI,1
UIS,1
UITB,1
UJB,1
UJUL,1
UJUN,1
ULH,1
ULTY,1
ULVM,1
UMAC,1
UMAR,1
UMAY,1
UMBF,1
UMDD,1
UMH,1
UMI,1
UNB,1
UNH,1
UNIT,1
UNIY,1
UNM,1
UNMA,1
UNOV,1
UNTY,1
UOCT,1
UP,1
UPAR,1
UPBD,1
UPGD,1
UPLD,1
UPRO,1
UPS,2
UPST,1
UPW,1
UPWK,1
UPXI,1
URA,2
URAA,2
URAX,2
URE,1
URG,1
URGN,1
URI,3
URNJ,2
URNM,2
URTH,1
URTY,1
USA,1
USAC,1
USAI,1
USAP,1
USAU,1
USB,1
USCA,1
USCB,1
USCF,2
USCL,1
USEP,1
USFD,1
USFI,1
USGO,1
USHY,1
USIG,1
USIN,1
USLM,1
USM,1
USMC,1
USMF,1
USML,1
USMV,1
USNA,1
USNZ,1
USPH,1
USPX,1
USRD,1
USRT,1
USSE,1
USSG,1
UST,1
USVM,1
USVN,1
USXF,1
UTEN,1
UTES,1
UTF,1
UTG,1
UTHY,1
UTI,1
UTL,1
UTMD,1
UTRN,1
UTSL,1
UTWY,1
UTZ,1
UUU,1
UUUU,2
UVE,1
UVSP,1
UVV,1
UWM,1
UXI,2
UYG,1
UYM,3
UZD,1
UZE,2
UZF,3
V,1
VABK,1
VAC,1
VALQ,1
VALU,2
VAMO,1
VANI,1
VAW,3
VB,1
VBFC,3
VBK,1
VBND,1
VBNK,1
VBR,1
VBTX,1
VC,1
VCAR,1
VCEB,1
VCEL,1
VCIT,1
VCLT,1
VCNX,1
VCR,1
VCRB,1
VCTR,2
VCYT,1
VDC,1
VEEV,1
VEGA,1
VEGI,1
VEGN,1
VEL,1
VEMY,1
VERA,1
VERX,1
VFH,1
VFL,1
VFLO,1
VFMF,1
VFMO,1
VFMV,1
VFQY,1
VFS,1
VFVA,1
VGAS,2
VGI,1
VGLT,1
VGSR,1
VGT,1
VIAV,2
VICE,1
VICI,1
VICR,2
VIG,1
VIK,1
VINP,1
VIOG,1
VIOO,1
VIOT,1
VIOV,1
VIRC,1
VIRT,1
VIS,2
VIVK,1
VKI,1
VKTX,2
VLLU,1
VLT,1
VLU,1
VLUE,1
VLY,1
VMAX,1
VMBS,1
VMC,1
VMCAU,2
VMD,2
VMEO,1
VMI,2
VMO,1
VMOT,1
VNDA,1
VNLA,1
VNO,3
VNOM,2
VNQ,1
VNSE,1
VNT,1
VO,1
VOE,1
VONE,1
VONG,1
VONV,1
VOO,1
VOOG,1
VOOV,1
VOT,1
VOTE,1
VOX,1
VOYA,3
VPC,1
VPLS,1
VPU,1
VPV,1
VRA,1
VRAI,1
VRE,1
VREX,1
VRNS,3
VRNT,1
VRP,1
VRSK,1
VRT,2
VRTS,1
VRTX,2
VSCO,1
VSDA,1
VSEC,1
VSHY,1
VSLU,1
VSMV,1
VSSYW,1
VSTE,1
VT,1
VTC,1
VTEB,1
VTEC,1
VTEI,1
VTES,1
VTHR,1
VTI,1
VTN,1
VTOL,1
VTR,4
VTRS,1
VTS,1
VTSI,1
VTV,3
VTVT,1
VTWG,1
VTWO,1
VTWV,1
VUG,1
VUSE,1
VV,1
VVI,1
VVV,2
VVX,2
VWI,1
VWOB,1
VXF,1
VYM,2
VYX,1
VZ,1
WAB,2
WABC,1
WABF,1
WAFD,1
WAL,1
WANT,1
WASH,2
WBAT,1
WBD,1
WBIF,1
WBIG,1
WBIL,1
WBIY,1
WBND,1
WBS,1
WBUY,1
WCBR,1
WCC,1
WCEO,1
WCLD,1
WCN,1
WD,3
WDAY,1
WDC,1
WDFC,1
WDIV,1
WEBL,1
WEC,1
WEEL,2
WEL,1
WELL,2
WEN,2
WERN,1
WEST,1
WEYS,1
WF,1
WFC,1
WFG,1
WFH,1
WFRD,1
WGMI,1
WGO,1
WH,1
WHD,1
WHG,2
WHLR,3
WINA,1
WING,1
WINN,1
WIT,1
WIX,1
WKHS,1
WLDN,2
WLDR,1
WLFC,3
WLGS,3
WLKP,1
WLTG,1
WLY,2
WLYB,1
WM,1
WMB,2
WMG,2
WMK,1
WMPN,1
WMT,1
WNC,1
WNDY,3
WNEB,1
WNS,1
WOK,2
WOMN,1
WOOD,1
WOOF,1
WOW,1
WPM,2
WPP,1
WRB,1
WRBY,1
WS,1
WSBC,1
WSBCP,1
WSBF,1
WSFS,1
WSO,1
WSR,1
WT,1
WTAI,1
WTBA,1
WTBN,1
WTFC,1
WTM,1
WTMA,1
WTMF,1
WTRG,1
WTS,1
WTTR,1
WTV,1
WTW,1
WUGI,1
WULF,1
WVE,2
WWW,1
WY,1
WYY,1
XAIR,1
XAIX,1
XAPR,1
XAR,1
XAUG,1
XB,1
XBAP,1
XBB,1
XBI,1
XBIT,2
XBJA,1
XBJL,1
XBOC,1
XCCC,1
XCH,1
XCLR,1
XCOR,1
XCUR,1
XDAP,1
XDAT,1
XDEC,1
XDJL,1
XDOC,1
XDSQ,1
XDTE,1
XEL,1
XENE,2
XFIX,1
XFLT,1
XFLX,1
XGN,1
XHB,1
XHE,1
XHR,1
XHYC,1
XHYD,1
XHYE,1
XHYF,1
XHYH,1
XHYI,1
XHYT,1
XIDE,1
XIJN,1
XISE,1
XITK,1
XJAN,1
XJH,1
XJR,1
XJUL,1
XJUN,1
XLB,3
XLC,1
XLF,1
XLG,1
XLI,2
XLK,1
XLP,1
XLRE,1
XLSR,1
XLU,1
XLY,1
XMAR,1
XMAY,1
XME,2
XMHQ,1
XMLV,1
XMMO,1
XMPT,1
XMVM,1
XNAV,1
XNCR,1
XNOV,1
XNTK,1
XOCT,1
XOMA,1
XOVR,1
XP,2
XPEL,1
XPH,2
XPND,1
XPO,1
XPOF,1
XRLV,1
XRLX,1
XRT,1
XSEP,1
XSHD,1
XSHQ,1
XSLV,1
XSMO,1
XSVM,1
XSW,1
XT,1
XTAP,1
XTEN,1
XTJA,1
XTJL,1
XTL,1
XTN,1
XTOC,1
XTR,1
XTWY,1
XUSP,1
XVOL,1
XVV,1
XYL,1
XYLE,1
XYLG,1
YALA,1
YALL,1
YBIT,1
YBTC,1
YCL,1
YDEC,1
YELP,1
YETH,1
YETI,1
YEXT,1
YGMZ,2
YIBO,1
YLD,1
YLDE,1
YMAB,2
YMAG,1
YMAX,1
YORW,1
YOTA,1
YPF,1
YSG,1
YUM,1
YUMC,1
YYGH,1
YYY,1
Z,1
ZALT,1
ZAUG,1
ZBAO,2
ZBH,1
ZBRA,1
ZCAR,1
ZD,1
ZECP,1
ZETA,1
ZEUS,1
ZG,1
ZHDG,1
ZI,2
ZIG,1
ZIM,2
ZION,1
ZIONL,1
ZIONO,2
ZIONP,1
ZIP,2
ZIVB,1
ZJUL,1
ZLAB,2
ZM,2
ZNTL,1
ZOM,1
ZONE,1
ZOOZ,1
ZROZ,1
ZS,1
ZSB,2
ZSEP,1
ZTEK,1
ZTEN,1
ZTR,1
ZTS,1
ZUMZ,1
ZUO,1
ZVRA,1
ZWS,1
