Symbol,IBD_RSI
SEZL,99
HIMS,99
RR,99
SNYR,99
DBVT,99
SATL,99
ATGL,99
DAVE,99
AEVA,99
ASTS,99
EOSE,99
TOI,99
MNPR,99
MVST,99
MTEN,99
ASST,99
XYF,99
LX,99
JUNE,99
AREN,99
ROMA,99
DRUG,99
AGFY,99
AZ,99
KC,99
LAES,99
QUBT,99
ETON,99
CURI,99
TDUP,99
PDYN,99
PLTR,99
PNBK,99
FTK,99
QBTS,99
QSG,99
STIM,99
NUKK,99
OCFT,99
OCG,99
GRRR,99
CTM,99
NUTX,99
NNE,99
TMC,99
XCUR,99
DUOT,98
XNET,98
DUOL,98
ABVC,98
WKEY,98
YOSH,98
ACHR,98
XGN,98
BOWN,98
NPCE,98
CPIX,98
CNVS,98
GRYP,98
KULR,98
APP,98
PULM,98
RCAT,98
VRNA,98
FNGR,98
STEC,98
RPID,98
DOMH,98
COMM,98
RDUS,98
SATX,98
SMMT,98
ASM,98
VNET,98
NAK,98
CRNC,98
UMAC,98
CNL,98
ATHE,98
GORO,98
ALTS,98
TRVI,98
HNRG,98
BKTI,98
LNSR,98
OKLO,98
ESGL,98
LTBR,98
CTMX,98
GRPN,98
ALLT,98
UPXI,98
XPEV,97
XERS,97
DXYZ,97
DCTH,97
ARQQ,97
IHS,97
SMR,97
AGAE,97
KINS,97
GVH,97
JG,97
ROOT,97
FOA,97
SSRM,97
TATT,97
LIVE,97
LEDS,97
EVLV,97
LMB,97
RBRK,97
QURE,97
QH,97
RBLX,97
AMBO,97
AGX,97
GDC,97
NRG,97
NWTN,97
THTX,97
TISI,97
TRVG,97
UI,97
MFH,97
CRVO,97
UNFI,97
CRK,97
NIU,97
MSTR,97
GEV,97
DAO,97
YALA,97
MSGM,97
FARO,97
ICAD,97
SGHC,97
ASPI,97
ADPT,96
CMP,96
TPC,96
BTM,96
CRDO,96
MRX,96
BTDR,96
CRMD,96
TBRG,96
USAS,96
USAU,96
UTI,96
CPS,96
FUBO,96
CDTX,96
TIGR,96
LUNR,96
GDS,96
TLSA,96
GRND,96
NGVC,96
JFIN,96
CKPT,96
ATRO,96
BBAI,96
VGZ,96
VEON,96
SRAD,96
SRRK,96
APPS,96
CORT,96
AHG,96
AHR,96
ESLT,96
PMEC,96
FRHC,96
AMLX,96
AS,96
CISO,96
EAT,96
ATOM,96
CYD,96
SE,96
HEES,96
SNT,96
ATGE,96
MATH,95
LRN,95
CCM,95
PAY,95
BBAR,95
AXON,95
NTGR,95
HCI,95
III,95
EXEL,95
DB,95
CHWY,95
CLOV,95
CLS,95
SLNO,95
COEP,95
SOUN,95
CVNA,95
PLMR,95
COE,95
SPOT,95
ITRG,95
INOD,95
LFMD,95
LEU,95
APEI,95
FORD,95
PDEX,95
HWM,95
SKIL,95
AKBA,95
TPB,95
BTSG,95
MPAA,95
EYE,95
TPR,95
TKNO,95
RDVT,95
PRA,95
CRS,95
CANG,95
ALHC,95
WGS,95
GOGO,95
OST,95
BROS,95
ANTE,94
ODD,94
TMQ,94
BOF,94
BYRN,94
DERM,94
SKE,94
CCRD,94
LPTH,94
AU,94
KGEI,94
AVAH,94
HMY,94
DRD,94
HFFG,94
ROAD,94
AVPT,94
IZM,94
SAN,94
DBGI,94
OLO,94
FULC,94
DRS,94
SKWD,94
IBEX,94
SJT,94
TPL,94
PSNL,94
AP,94
QFIN,94
SOC,94
FCAP,94
KARO,94
RAYA,94
LINC,94
ESP,94
LLYVA,94
AMPG,94
KGC,94
PLBY,94
AMPX,94
TLN,94
ULS,94
OVBC,94
TNXP,94
IH,93
ICL,93
CMPO,93
MLYS,93
TSAT,93
URBN,93
IDT,93
SFM,93
FEIM,93
XMTR,93
ATPC,93
SPNT,93
ESQ,93
GTX,93
ESE,93
ERJ,93
NWG,93
TIGO,93
TGTX,93
CCB,93
BNTC,93
NXT,93
MRT,93
LQDA,93
GEO,93
OKTA,93
LSF,93
TGI,93
IDCC,93
SNEX,93
SAND,93
ATEC,93
BBVA,93
PLYA,93
UXIN,93
COOP,93
RDW,93
FPH,93
ADUR,93
ARMN,93
CMCL,93
CVKD,93
CHEF,93
LBRDA,93
DGICA,93
STRL,93
UGI,92
HURN,92
GB,92
OMAB,92
MGIC,92
TGS,92
NN,92
CAH,92
ALAB,92
LYG,92
TSLA,92
IFS,92
TSHA,92
TOST,92
PAYC,92
GBTC,92
BJRI,92
NYAX,92
KEP,92
SPCB,92
LANV,92
LARK,92
BCS,92
PM,92
BHAC,92
BFLY,92
BCRX,92
VOXR,92
QMCO,92
LOMA,92
FMS,92
SENEA,92
AUR,92
SOFI,92
ADMA,92
FCUV,92
ATEK,92
HCSG,92
ASA,92
ISSC,92
SLM,92
SLGL,92
SES,92
ARQT,92
DXPE,92
WLDN,92
DAN,91
SERV,91
DATS,91
WOR,91
WVVI,91
IDN,91
WDH,91
ATLC,91
IESC,91
LPLA,91
EDN,91
LMND,91
CORZ,91
VIRT,91
RUM,91
KD,91
LAUR,91
EGRX,91
GWRE,91
CXW,91
IHT,91
AEM,91
ALNT,91
FROG,91
THM,91
TME,91
NXTT,91
PAM,91
WILC,91
MIR,91
MOS,91
QNTM,91
MASS,91
CCEC,91
CW,91
UPWK,91
RCL,91
PUK,91
PL,91
PEGA,91
TGLS,91
BLIN,91
OLLI,91
OKYO,91
EQT,91
PCRX,91
EHC,90
JVA,90
USGO,90
BBW,90
BABA,90
GRNQ,90
ELVA,90
LOAR,90
YMM,90
DRI,90
APH,90
T,90
BJ,90
TMDX,90
NTES,90
NRDY,90
NVCT,90
ODC,90
FSI,90
GBNY,90
MTZ,90
GF,90
UNM,90
REVG,90
RCG,90
LTH,90
BTCT,90
ACAD,90
IBKR,90
ATYR,90
ATAT,90
WPM,90
DASH,90
DE,90
DOCU,90
AVGO,90
BE,90
EPRX,90
GEL,90
NVFY,90
RVSB,90
AGI,90
KFS,90
CELH,90
LITE,90
UVE,90
GTEC,89
CIVB,89
CEE,89
CIEN,89
DRVN,89
ING,89
SAP,89
AXS,89
FNV,89
DFS,89
ESEA,89
OM,89
TCI,89
YGMZ,89
NRIM,89
NTNX,89
APG,89
BRDG,89
NRSN,89
CSV,89
ALNY,89
ATI,89
CLBR,89
WRB,89
AREC,89
ITRN,89
JBL,89
INSM,89
TKO,89
MYRG,89
GENI,89
CRWD,89
AKRO,89
CALM,89
MIND,89
FOXA,89
STN,89
CAKE,89
CALX,89
SONY,89
GE,89
EHAB,89
SLSR,89
IBM,89
YPF,89
ASTE,88
DOUG,88
AVXL,88
HDB,88
HUT,88
CNP,88
WAVE,88
SLS,88
TITN,88
FSFG,88
BFC,88
CSGS,88
RBA,88
MAG,88
CBNK,88
RAVE,88
EM,88
LYV,88
JCI,88
CLPT,88
CHCI,88
EFOI,88
CHTR,88
FFIV,88
GSHD,88
CDE,88
CBRL,88
FICO,88
AMBP,88
PEN,88
BK,88
BMA,88
TDS,88
FUTU,88
EVEX,88
GAP,88
GFI,88
BWFG,88
MOB,88
MNST,88
BTCS,88
REAL,88
QD,88
BCH,88
AM,88
NATH,88
DADA,87
HNST,87
AAOI,87
XYLO,87
WOOF,87
DTM,87
EE,87
COR,87
VRAR,87
AUPH,87
CME,87
WMT,87
HEI,87
IMAX,87
LNG,87
VHC,87
USFD,87
FER,87
LOPE,87
LI,87
SSBI,87
SRBK,87
DMYY,87
ELP,87
APLD,87
ENIC,87
LYFT,87
MIRA,87
RDFN,87
RELY,87
NIC,87
MTEX,87
GRAB,87
GNE,87
BBUC,87
RBKB,87
BOOT,87
BROG,87
EVGO,87
PWR,87
FRAF,87
EPSN,87
PAC,87
BKNG,87
TCRT,87
FTNT,87
WWD,86
LFVN,86
BLBX,86
TFPM,86
SYT,86
CNH,86
PCT,86
PDLB,86
LOGC,86
CEG,86
GPOR,86
UNTY,86
LUMN,86
CTRN,86
SBS,86
EVRI,86
SNOW,86
TENX,86
PHYS,86
PHX,86
GFL,86
MSB,86
PBI,86
UFCS,86
MMM,86
CAPR,86
BA,86
BAM,86
EBTC,86
ABEV,86
ETR,86
ASR,86
UUU,86
SSSS,86
TG,86
ICCM,86
DOCS,86
BOSC,86
GNTY,86
MTEK,86
MT,86
VIK,86
BSX,86
BSET,86
AL,86
BSAC,86
FOSL,85
EGO,85
KEN,85
CVCO,85
VFF,85
PAR,85
BHF,85
HIG,85
V,85
ERIC,85
BTI,85
WMB,85
ACNT,85
FORTY,85
IIIN,85
EPR,85
PINC,85
BLTE,85
MUFG,85
BB,85
JOBY,85
CAAP,85
MQ,85
BUD,85
AVAL,85
STKS,85
BLX,85
QSI,85
JEQ,85
ANGO,85
ECBK,85
PLSE,85
PSMT,85
RDDT,85
EMX,85
PTGX,85
PW,85
INLX,85
IAG,85
IBN,85
ICCC,85
AMPL,85
CCL,85
FHI,85
WTS,85
WYY,85
FENC,84
SSYS,84
ARLO,84
NOK,84
ITUB,84
LUCD,84
LSEA,84
BWAY,84
AJG,84
MPTI,84
MP,84
BKSY,84
HG,84
BBIO,84
VLGEA,84
THC,84
AR,84
MGYR,84
CAE,84
BMI,84
CUK,84
HIMX,84
EBAY,84
SEDG,84
IGIC,84
SCHW,84
CHKP,84
UNB,84
CGNT,84
CCU,84
CASH,84
TRV,84
CPRX,84
BANF,84
AZO,84
TRP,84
AOUT,84
CLMB,84
AER,84
FYBR,84
CTVA,84
RSG,84
RPRX,84
MRCY,84
PWOD,84
THFF,83
RDCM,83
CASY,83
ATO,83
TJX,83
ENLT,83
ITIC,83
COF,83
KAR,83
NOW,83
HCA,83
LASR,83
CVLT,83
RYTM,83
SLF,83
ASND,83
FWONA,83
RBCAA,83
CACI,83
HLN,83
CM,83
HLNE,83
CNK,83
HWBK,83
AWI,83
CEF,83
BAP,83
WELL,83
TPCS,83
RAIL,83
ACR,83
DBD,83
BKD,83
ADT,83
MYFW,83
HDSN,83
NTR,83
ARBB,83
NYMT,83
OCS,83
TIPT,83
PGR,83
SSBK,83
HWKN,83
RBC,83
WRLD,83
SSTI,82
FDP,82
YHGJ,82
FTCI,82
MIRM,82
HII,82
WLFC,82
ABT,82
EBMT,82
WNEB,82
CRESY,82
CQP,82
RTX,82
PZG,82
DHC,82
CPBI,82
DORM,82
EZPW,82
DSP,82
RELX,82
PLNT,82
PLX,82
NRXP,82
AFRM,82
PTCT,82
PTON,82
HBCP,82
JOF,82
ROL,82
AYTU,82
LZ,82
AB,82
GEVO,82
BVFL,82
FSEA,82
CSCO,82
PBH,82
SBSW,82
BZ,82
EQH,82
MO,82
OUST,82
STNE,82
MNSB,82
SPR,82
BBD,82
ELA,81
ABEO,81
EME,81
LNN,81
CPNG,81
CPRT,81
CXDO,81
GDDY,81
ICE,81
CNX,81
CHT,81
YEXT,81
INTA,81
FAST,81
HAFC,81
NB,81
NTB,81
ALL,81
MNDY,81
TRAK,81
BWB,81
CYBR,81
RRC,81
NYC,81
DGX,81
ENSG,81
MOGU,81
MTG,81
RUN,81
BBU,81
KB,81
MA,81
SEIC,81
FVRR,81
CCBG,81
BYD,81
GTES,81
LENZ,81
TEO,81
PAYX,81
HMST,81
UNCY,81
CEPU,81
GSIT,81
XEL,81
HMN,81
HNVR,80
MGIH,80
CARR,80
LGL,80
LUV,80
CVI,80
MKTW,80
MKL,80
CAR,80
CCK,80
CPSH,80
BURL,80
GPI,80
STEW,80
QTWO,80
TRI,80
MPLX,80
CVAC,80
PX,80
SPRY,80
SMLR,80
BCOW,80
JWEL,80
JPM,80
NI,80
ADP,80
ISRL,80
INTR,80
CLFD,80
ULTA,80
NTRA,80
BNT,80
BN,80
GAN,80
TIMB,80
TEF,80
CINF,80
VNO,80
EXLS,80
CYH,80
IDR,80
IDXX,80
WF,80
TCOM,80
AIG,80
DTE,80
WYNN,79
ABLV,79
DY,79
FNWD,79
RNW,79
CCEP,79
CDNS,79
LFCR,79
MFC,79
CAPL,79
CBOE,79
CFSB,79
BBSI,79
SBAC,79
TR,79
GOTU,79
MS,79
BTG,79
STE,79
AGCO,79
VEEV,79
ALGM,79
EXTR,79
GAMB,79
AEE,79
OWLT,79
WEC,79
CTAS,79
TCBX,79
DC,79
WFC,79
SFIX,79
FTEK,79
THG,79
PLOW,79
ISRG,79
TKLF,79
BOTJ,79
EVER,79
MRBK,79
NL,79
ALSN,79
DIS,79
ITRI,79
ALCO,79
SNOA,78
USLM,78
COST,78
AZEK,78
AACG,78
YRD,78
ROK,78
RYAAY,78
HLI,78
SNN,78
TD,78
TK,78
TOON,78
FTDR,78
SKYX,78
NPO,78
AROC,78
PAHC,78
PFGC,78
TASK,78
SKYW,78
CMPX,78
FSM,78
PERI,78
ADEA,78
ESAB,78
TMUS,78
CYCN,78
DPG,78
EXC,78
TDF,78
TDY,78
PSNY,78
GVA,78
TRMB,78
MWA,78
MRNO,78
MMYT,78
ADSK,78
BZUN,78
GS,78
ROST,78
WINA,78
STEP,78
L,78
KVUE,78
PLBC,77
BEEP,77
PNR,77
CZWI,77
ACNB,77
HGBL,77
NVDA,77
CB,77
CBRE,77
FSCO,77
FTI,77
ACT,77
ENB,77
XP,77
EA,77
CZFS,77
UTG,77
COCO,77
ACM,77
ACMR,77
FHN,77
MGRM,77
CR,77
MFG,77
CART,77
GT,77
UL,77
MBCN,77
AEI,77
MSFT,77
GOSS,77
BV,77
ADTN,77
UMC,77
AORT,77
RY,77
FBIZ,77
ENVA,77
BCML,77
AMBA,77
FCFS,77
SFST,77
PGY,77
PSO,77
NTRS,77
KALV,77
MGNI,76
ARIS,76
RYAN,76
LSBK,76
CFFI,76
SOLV,76
CNXC,76
AFYA,76
SPFI,76
CBFV,76
LIND,76
ATRC,76
VIOT,76
SANM,76
INTE,76
DOMO,76
DLTR,76
ALLE,76
COUR,76
AQN,76
COIN,76
TBLD,76
SYK,76
CF,76
ALG,76
UVSP,76
NYT,76
NXST,76
EVTC,76
EXAS,76
WDAY,76
WMK,76
AMT,76
TDG,76
TEL,76
AMST,76
HIFS,76
SLND,76
TARS,76
TBBK,76
BMO,76
PBFS,76
PARR,76
FTAI,76
DCO,76
HYMC,76
WTMA,75
VITL,75
EEA,75
INGR,75
CLBT,75
UVV,75
TRML,75
DLO,75
AMG,75
TBBB,75
SR,75
ARGX,75
EVRG,75
SMCI,75
SN,75
ASAN,75
AWK,75
AXP,75
JKHY,75
RCMT,75
AZZ,75
CWST,75
RACE,75
BBCP,75
CUBA,75
BIRK,75
FTS,75
PCB,75
OGE,75
OGS,75
OI,75
FUSB,75
BR,75
BRBS,75
CCJ,75
GTLS,75
GLU,75
GLW,75
BWMN,75
GOLF,75
LNT,75
EBR,75
VOD,75
CNO,75
HLT,75
ACI,75
ED,74
ADC,74
IHG,74
IIF,74
IIIV,74
VCTR,74
MFIN,74
USM,74
MTW,74
CRAI,74
IDA,74
COMP,74
PJT,74
FSLY,74
CTRE,74
BRO,74
GEG,74
ESCA,74
TRUP,74
TSBK,74
DNP,74
NMG,74
YOU,74
PTLO,74
ARLP,74
CIA,74
KLAC,74
SMBK,74
ARMK,74
HAS,74
GWW,74
ASUR,74
AXSM,74
SLGN,74
WINV,74
HNNA,74
SATS,74
SBRA,74
RDWR,74
XTNT,74
DRTS,74
VMI,74
BLK,74
DGII,74
LDWY,74
MAA,73
MTSI,73
CRBG,73
BYNO,73
ECF,73
MLEC,73
C,73
JBGS,73
EFX,73
MXF,73
YELP,73
CMS,73
FCCO,73
REG,73
SKYH,73
SAH,73
BANR,73
SLAB,73
LDOS,73
WPC,73
IGTA,73
AXGN,73
HBT,73
DLR,73
TSM,73
NMIH,73
PBBK,73
PBYI,73
NNI,73
AN,73
EUDA,73
FPAY,73
TARA,73
TBMC,73
GAIN,73
PGEN,73
NWE,73
LH,73
GEN,73
KYN,73
BSBR,73
CECO,73
PH,73
PNFP,73
JWN,73
K,73
ITT,72
SELF,72
WSM,72
CHN,72
AEP,72
ARTW,72
EW,72
CSWI,72
PCTY,72
AMP,72
NTWK,72
SBFG,72
ODV,72
OSW,72
BPOP,72
GRMN,72
VIV,72
MLI,72
CBSH,72
EH,72
MAR,72
CAF,72
AFL,72
GNL,72
MOFG,72
LKQ,72
MOH,72
MRAM,72
EXPE,72
FRBA,72
FCO,72
SKLZ,72
SANW,72
GCMG,72
EMF,72
NTCT,72
AMH,72
ALKS,72
APO,72
DHT,72
EPRT,72
PANW,72
CVGW,72
NVEE,72
AISP,72
GDTC,72
VLN,71
DPZ,71
EEFT,71
GROY,71
HFWA,71
VABK,71
MASI,71
CBAN,71
LZB,71
AEG,71
ADI,71
WBA,71
DOX,71
DSGX,71
BWXT,71
USCB,71
UTF,71
CRVL,71
IMMX,71
QXO,71
ETG,71
CVS,71
TOWN,71
NHI,71
DG,71
TCBS,71
AMX,71
BILI,71
CSBR,71
NSTS,71
ROP,71
DBX,71
SNA,71
PSLV,71
SSP,71
FRSH,71
EWBC,71
SPE,71
R,71
FBNC,71
AX,71
FDS,71
DUK,71
IGA,71
IAE,71
AAON,71
CNM,70
PFIS,70
FE,70
SFBC,70
SLI,70
RDN,70
RSI,70
WTFC,70
WTW,70
LHX,70
CCI,70
AEIS,70
IKT,70
IDE,70
CHCO,70
AFJK,70
HESM,70
BCV,70
CX,70
SSNC,70
ESNT,70
SPGI,70
SNFCA,70
SMFG,70
CPA,70
FTII,70
CTGO,70
BPMC,70
EOD,70
EPAC,70
NGS,70
ALCY,70
TSLX,70
TMP,70
DIST,70
EPD,70
ERH,70
PAYS,70
OFS,70
OAKU,70
PFX,70
EFC,70
WCN,70
CDRE,70
WM,70
MPV,70
IGD,69
HOMB,69
ABCB,69
EIG,69
MITT,69
VICI,69
AEAE,69
VPG,69
BGY,69
SYPR,69
TFSA,69
PKBK,69
TCBI,69
RNR,69
SMTC,69
BDC,69
SPIR,69
SO,69
AAME,69
KEYS,69
ASGI,69
ATR,69
RNXT,69
ATMC,69
SDGR,69
FBIO,69
FBP,69
CP,69
SPOK,69
DOLE,69
CPAY,69
GFF,69
GM,69
MMC,69
MTRX,69
ALX,69
ALK,69
EQX,69
GSL,69
TGNA,69
ELLO,69
NPK,69
DKL,69
QSR,69
EMO,69
VIPS,68
HWC,68
WSFS,68
WWW,68
DYCQ,68
AACT,68
DAKT,68
KGS,68
ATUS,68
ATMU,68
BATRA,68
BAFN,68
BAC,68
BAYA,68
PGNY,68
PARA,68
ANSS,68
JVSA,68
ARW,68
SPXC,68
PLPC,68
BEPC,68
HBAN,68
AVA,68
DAC,68
ARRY,68
ESHA,68
NTST,68
EPOW,68
LII,68
AGS,68
NMT,68
CSL,68
LEGT,68
CFR,68
BXMT,68
CRH,68
KVAC,68
HFBL,68
LODE,68
GRC,68
ECL,68
ISTR,68
CINT,68
CPK,68
EFSC,68
BTO,67
TRMK,67
FMX,67
ATEN,67
CHE,67
SPKL,67
MSEX,67
GNW,67
SNTI,67
AIZ,67
HYAC,67
ESGR,67
SAIC,67
CACC,67
SAFT,67
WTRG,67
CUBI,67
APYX,67
CDRO,67
ATMV,67
WHG,67
NWN,67
ARES,67
PVL,67
MGEE,67
BEKE,67
BNS,67
HIW,67
CNXN,67
OZ,67
F,67
BEN,67
MHF,67
AON,67
UMBF,67
GAM,67
MPW,67
PAAS,67
ANSC,67
TAK,67
CHRW,67
BVN,67
VMC,67
AC,67
ACEL,67
HLXB,67
DBRG,66
MNSO,66
UHS,66
SLNG,66
BOX,66
WKC,66
EDD,66
MSCI,66
MPB,66
FSV,66
IBOC,66
IBAC,66
GD,66
PAX,66
STEL,66
WES,66
AME,66
PBPB,66
IZEA,66
DNOW,66
IFRX,66
GDV,66
PCG,66
NVS,66
WEST,66
GRFS,66
REBN,66
WBD,66
HLP,66
FT,66
CFBK,66
CRCT,66
MTB,66
PLXS,66
FSS,66
VALU,66
JPI,66
NTRB,66
PHR,66
RRBI,66
CNA,66
EMCG,66
CVBF,66
AIHS,66
TALK,66
DCOM,66
INDB,65
XTKG,65
NLOP,65
OTIS,65
CET,65
PVBC,65
KVYO,65
SPXX,65
OFG,65
OHI,65
AXIL,65
GECC,65
FLUT,65
COHR,65
PFSI,65
HGV,65
BNIX,65
SCI,65
RNST,65
ALRS,65
J,65
NJR,65
FORL,65
FNF,65
MLCO,65
EMR,65
BKHA,65
RS,65
CTBI,65
PKST,65
SBR,65
FSBW,65
ANET,65
ETN,65
AGO,65
BIP,65
CPF,65
MIDD,65
CPT,65
WULF,65
MAIN,65
NML,65
X,65
ACU,65
WLY,65
WIX,65
ASB,64
FCPT,64
ACIW,64
TRGP,64
CTLP,64
EOS,64
BL,64
ES,64
NOMD,64
IMO,64
PDT,64
ARKR,64
BOE,64
QETA,64
CTSH,64
AMZN,64
TEI,64
FXNC,64
KDP,64
AEF,64
VIST,64
LU,64
GANX,64
FSBC,64
PATK,64
ET,64
AMSC,64
CUZ,64
ENS,64
NATR,64
MSGE,64
SELX,64
GNTA,64
TNL,64
BMRC,64
SRCE,64
LWAY,64
APTV,64
GABC,64
STLD,64
SBGI,64
BWA,64
BCPC,64
BRX,64
MAPS,64
CPHI,63
GRF,63
SKIN,63
TRC,63
BANX,63
FFC,63
TILE,63
MOD,63
BEP,63
AWR,63
LRCX,63
TOMZ,63
BSRR,63
ESS,63
MLM,63
DFP,63
LIN,63
AGD,63
PHT,63
EXG,63
VBTX,63
RYI,63
NPFD,63
CPZ,63
CAC,63
TAYD,63
JPC,63
JMM,63
MGRC,63
NREF,63
HIHO,63
EXPD,63
NMI,63
MMSI,63
LCNB,63
HBNC,63
ABBV,63
CING,63
PECO,63
BOH,63
SNV,63
RERE,63
BLDE,63
LNKB,63
BRC,63
BRKL,63
SLRC,62
WTM,62
ALE,62
SAR,62
HNW,62
EQBK,62
VCV,62
NAZ,62
TEAM,62
SANG,62
SABA,62
ABM,62
ERC,62
TBPH,62
BSVN,62
TCX,62
EVI,62
AIO,62
LTC,62
VLTO,62
EQR,62
PIM,62
MPWR,62
JCSE,62
ETO,62
PKE,62
TAC,62
FVCB,62
EOI,62
PAI,62
GME,62
SDHY,62
EFXT,62
BFAM,62
NIM,62
GDL,62
AMED,62
CURV,62
PFO,62
AIT,62
PEBK,62
BCX,62
TSI,62
D,62
LNC,62
COFS,62
ABL,61
SMPL,61
GRBK,61
BRW,61
WIA,61
WBS,61
BLFY,61
INMB,61
RAMP,61
MIY,61
FRD,61
CGAU,61
DTSS,61
MAT,61
ARI,61
KVHI,61
BLND,61
PFD,61
SSY,61
BFIN,61
SF,61
RDY,61
CLST,61
UDR,61
RNP,61
CROX,61
G,61
PGP,61
BNL,61
VLY,61
O,61
CSGP,61
BIPC,61
VICR,61
CMMB,61
BTT,61
CI,61
MPC,61
DHF,61
CHMG,61
CMI,61
GPUS,61
WSO,61
GSBC,61
SMBC,61
CG,61
SLDP,60
CATY,60
ASLE,60
OCX,60
TEVA,60
ACGL,60
PDO,60
WDFC,60
SPTN,60
HD,60
KFY,60
GATX,60
HIO,60
KIM,60
STBA,60
FN,60
ARCC,60
NWSA,60
PBA,60
PFBC,60
INDV,60
CRMT,60
CARG,60
TRS,60
ALC,60
FCF,60
DT,60
AWF,60
ENTX,60
AGM,60
CLH,60
WNS,60
MIN,60
NOC,60
OCFC,60
EQIX,60
PAG,60
AUBN,60
LULU,60
AENT,60
MKTX,60
ANTX,60
RQI,60
JCE,60
CII,60
BWIN,60
E,59
TRIN,59
BSL,59
EAD,59
WIW,59
MSI,59
XOMA,59
GNFT,59
SPPP,59
SPH,59
ELMD,59
PFL,59
WH,59
FA,59
APAM,59
EMD,59
CL,59
CAAS,59
UHT,59
CIM,59
BFH,59
NWFL,59
ALV,59
NNN,59
IVT,59
MLSS,59
FUNC,59
ETX,59
IBCP,59
BKKT,59
OBT,59
BXSL,59
BKU,59
CNOB,59
THR,59
BLW,59
JHS,59
DXCM,59
BKH,59
AIOT,59
FSLR,59
TFSL,59
WLKP,59
DTF,59
DSWL,59
DOGZ,58
CFFN,58
GRVY,58
GUG,58
JLS,58
PLUR,58
HYI,58
CMT,58
ESSA,58
JRSH,58
HMC,58
AVDX,58
HEPS,58
MHI,58
PG,58
CSQ,58
FOUR,58
BRBR,58
DLB,58
BYFC,58
PHD,58
CTOS,58
TRST,58
WDC,58
FAF,58
WAT,58
SQNS,58
FFIN,58
GYRO,58
ALKT,58
BHB,58
MSD,58
NMR,58
INNV,58
PCOR,58
PCYO,58
SNY,58
LDP,58
EVV,58
BDJ,58
STAG,58
CGO,58
PGRE,58
SENS,58
ANIP,58
AOD,58
MKC,57
FTHY,57
CHW,57
CUBE,57
FSK,57
MVIS,57
ETJ,57
MWG,57
BXMX,57
KF,57
CDP,57
WTBA,57
BLBD,57
PB,57
TOUR,57
DCI,57
HASI,57
FMBH,57
NSC,57
ACV,57
NUW,57
ARM,57
RA,57
EGP,57
SOR,57
HAYW,57
CAT,57
TLK,57
BWEN,57
CIX,57
RF,57
PSTL,57
APPN,57
FNLC,57
NXN,57
ETW,57
FPF,57
AVT,57
NNY,57
CNI,57
CIF,57
UTSI,57
EVN,57
COLB,57
NHC,57
ITW,57
SKY,56
SKYT,56
SNX,56
PDI,56
WEYS,56
SKT,56
NMAI,56
TRU,56
EG,56
PYPL,56
BOC,56
USB,56
AFG,56
OZK,56
ARTNA,56
MAV,56
KEY,56
CWBC,56
DX,56
CFG,56
FTF,56
BPYPP,56
TM,56
MMT,56
PFN,56
LAD,56
BFST,56
BY,56
HITI,56
NAN,56
ADXN,56
BTZ,56
PHK,56
CHH,56
DMAC,56
PSF,56
CNS,56
KKR,56
NIE,56
SEER,56
MGF,56
DMF,56
QGEN,56
GLV,56
OSPN,56
TNK,56
CWCO,55
JNPR,55
BGB,55
AUST,55
JNJ,55
HYT,55
MITK,55
JHG,55
NUV,55
GSK,55
XYL,55
ABNB,55
BKT,55
BG,55
CIO,55
PTC,55
VRNS,55
WEA,55
ELAN,55
DMO,55
REZI,55
BST,55
JZXN,55
SYY,55
EOT,55
HLF,55
PNC,55
AWP,55
ADX,55
TNET,55
TS,55
ALEX,55
FMNB,55
GV,55
HE,55
NWBI,55
PFG,55
PBHC,55
FMAO,55
IFN,55
LMT,55
LNTH,55
GPC,55
QQQX,55
FFA,55
NLY,55
UNF,54
UPST,54
SKX,54
CZNC,54
OTTR,54
SPG,54
FAX,54
PEG,54
ATNM,54
EVCM,54
LGI,54
SPLP,54
JD,54
FOF,54
FHB,54
VIAV,54
RCON,54
BANC,54
CASS,54
NXC,54
API,54
COHN,54
CTRI,54
VBF,54
LGND,54
CWT,54
CCSI,54
ROIV,54
BGC,54
CBU,54
DHY,54
ICUI,54
WSBC,54
LCID,54
ASRV,54
AMRX,54
CLW,54
CVU,54
NOM,54
STC,54
NATL,54
URI,54
GCV,54
TAP,54
EVT,54
BHLB,53
FGB,53
EEX,53
ATAI,53
WDI,53
LFT,53
BX,53
EVR,53
NU,53
KLG,53
CADE,53
AVB,53
CWAN,53
AVK,53
ENX,53
NGVT,53
CMU,53
IAF,53
XPO,53
BSY,53
WT,53
CPAC,53
DOV,53
CNC,53
NBB,53
CIGI,53
FRME,53
BPRN,53
USAC,53
BKE,53
OLED,53
JGH,53
OBDC,53
PMO,53
VNT,53
CSTM,53
QUAD,53
BCAL,53
APPF,53
STEM,53
FCBC,53
PGC,53
TSEM,53
OBK,53
ASX,53
BRLS,53
FR,52
BGX,52
LBTYA,52
ADM,52
MORN,52
IIM,52
OCC,52
ELS,52
CRM,52
QCRH,52
DSM,52
MSGS,52
AROW,52
MMU,52
CIK,52
BWG,52
BIT,52
SNDA,52
NUVL,52
EXR,52
BHK,52
SPNS,52
FBK,52
FCNCA,52
PEBO,52
QRVO,52
QLYS,52
BXP,52
BUR,52
TPG,52
CSPI,52
AFBI,52
SCD,52
SRL,52
MRC,52
FNB,52
AUMN,52
ETV,52
DMB,52
PIPR,52
GBDC,52
HHH,52
RSKD,52
JHI,52
IGI,52
CXH,52
ELTK,51
ELME,51
PAXS,51
ASMB,51
LOAN,51
OVLY,51
DELL,51
DSU,51
GUT,51
NKX,51
DVA,51
DDOG,51
AOS,51
PFS,51
NXP,51
APD,51
PMM,51
VLT,51
USA,51
NAC,51
KEX,51
COKE,51
HIPO,51
HGTY,51
SSB,51
COLL,51
RVT,51
LVS,51
CLPS,51
ROCK,51
NBBK,51
ROKU,51
LSTA,51
ETB,51
DEO,51
RSSS,51
MLAB,51
AMSF,51
MSM,51
MYE,51
FTV,51
AVNW,51
GTY,51
LECO,51
PCN,51
LAMR,51
DSL,50
EDF,50
ASML,50
BIDU,50
UTL,50
MQT,50
ICMB,50
TEAF,50
MUJ,50
TSCO,50
FCT,50
PTY,50
GDO,50
CXE,50
PHI,50
DDS,50
SBI,50
RDNT,50
NMS,50
AMAL,50
OLP,50
REFI,50
CMRE,50
AG,50
PAGP,50
NAD,50
TCBK,50
VLO,50
FDUS,50
JBI,50
OSS,50
EVM,50
SPWH,50
ENO,50
NRP,50
BASE,50
BAX,50
RCS,50
LPCN,50
DLY,50
EQNR,50
UNIT,50
AIV,50
NVG,50
SNPS,50
MSDL,50
YQ,49
LEO,49
ASG,49
CPSS,49
SMP,49
MMS,49
ALRM,49
FFBC,49
OBLG,49
PAA,49
PMT,49
FMN,49
BSTZ,49
AIR,49
NZF,49
BREA,49
CMA,49
AAPL,49
MUC,49
VGM,49
CHSCP,49
ETHE,49
RPM,49
FRA,49
OCUL,49
JRS,49
BFK,49
PNNT,49
UMH,49
APWC,49
IX,49
GOF,49
BHP,49
EIM,49
VRE,49
CRON,49
HALO,49
MFM,49
ARDC,49
SER,49
ADUS,49
ATS,49
SYM,49
BBN,49
SFBS,49
XOM,48
WSR,48
WING,48
WRBY,48
AHCO,48
CCRN,48
JLL,48
RUSHA,48
PLD,48
FULT,48
ACA,48
VALE,48
TMCI,48
MUSA,48
KALU,48
CXT,48
HNI,48
CTO,48
LINK,48
SAM,48
BRFS,48
BKR,48
FSP,48
DIAX,48
CLPR,48
NMZ,48
AMBI,48
TMHC,48
BANL,48
VMO,48
OTEX,48
ATLO,48
HIX,48
LOW,48
INCY,48
IMMP,48
LEVI,48
PCH,48
UCL,48
CARE,48
NVT,48
SMTI,48
BETR,48
PSTG,48
PSX,48
UNP,48
MYI,47
ECO,47
CDW,47
NHS,47
UE,47
EHI,47
MUE,47
TRIP,47
JFR,47
BRTX,47
CCNE,47
NMCO,47
LOGI,47
ITGR,47
IGR,47
PVH,47
LTRY,47
VFL,47
JQC,47
BGR,47
MPX,47
AYI,47
CBZ,47
VKI,47
NQP,47
BHV,47
GOOGL,47
PBT,47
SFNC,47
BHRB,47
PDX,47
GSUN,47
SMFL,47
MVT,47
PCK,47
NVEC,47
PCF,47
HBB,47
SBSI,47
VPV,47
CRUS,47
PKG,47
CSCI,47
CTRA,47
SBCF,47
KAI,47
MOGO,46
BBWI,46
MTA,46
ECVT,46
TSN,46
OUT,46
OXLC,46
BCAT,46
MU,46
AES,46
AFB,46
SCSC,46
KE,46
ARL,46
SRE,46
GRX,46
WCC,46
SMID,46
LAZ,46
MVF,46
CEV,46
LXP,46
HAE,46
ATHM,46
SGHT,46
SCKT,46
VOYA,46
NXJ,46
MHLD,46
VERX,46
NAMS,46
MHN,46
TEX,46
JXN,46
ETD,46
RRX,46
DJCO,46
TFC,46
BALL,46
OCCI,46
FSUN,46
CRSR,46
VKQ,46
NPCT,46
VFS,46
LQDT,46
WASH,45
YI,45
SKM,45
SSD,45
SCM,45
LMAT,45
EVO,45
RBBN,45
HES,45
DK,45
SEE,45
BAOS,45
PWP,45
DEC,45
EBC,45
FERG,45
MYD,45
ECAT,45
MYN,45
AKR,45
DAY,45
REFR,45
LOCL,45
BLE,45
TRNO,45
AWRE,45
AZN,45
FUND,45
PAGS,45
VC,45
NRO,45
NPV,45
NAVI,45
GBAB,45
MHD,45
KBR,45
GASS,45
MSA,45
EFT,45
NVR,45
CBL,45
ADSE,45
NSA,45
CSR,45
CCD,45
NRK,45
BAH,44
BYM,44
ALBT,44
UHAL,44
DAL,44
EBF,44
YORW,44
ESOA,44
ALLY,44
OWL,44
FPI,44
OIA,44
CNQ,44
AOMR,44
PI,44
BNED,44
PINS,44
DHIL,44
ANY,44
BNY,44
CMCSA,44
LPX,44
CSX,44
AVY,44
IEX,44
IAC,44
BMEZ,44
HCKT,44
GDOT,44
GLYC,44
LXFR,44
MARPS,44
BOKF,44
HBM,44
EFR,44
BRZE,44
MRUS,44
SNTG,44
LADR,44
H,44
SLG,44
PCQ,44
PDD,44
ABUS,44
XPER,44
XPEL,43
MX,43
VINP,43
MPA,43
CHY,43
CIG,43
LKFN,43
PCAR,43
CENT,43
AGNC,43
MQY,43
AIRT,43
BCSF,43
PNI,43
BEDU,43
OKE,43
BDL,43
CVX,43
CLBK,43
BCO,43
TRTX,43
ALGT,43
EVTL,43
DEI,43
AMCR,43
GBCI,43
SEVN,43
CNTA,43
CRGO,43
STKL,43
NVST,43
CRT,43
WIT,43
BSBK,43
ACP,43
PETS,43
CREG,43
MAMA,43
TBLA,43
RVMD,43
RWAY,43
CLX,43
BMRA,43
APGE,43
MMD,43
AVAV,43
PMX,42
ERIE,42
KIO,42
PHIN,42
BFS,42
MVBF,42
PINE,42
CHI,42
ELV,42
BTA,42
AVO,42
SRV,42
GXO,42
IMRX,42
MITQ,42
SON,42
GAU,42
MGY,42
ACN,42
PFLT,42
CHD,42
STM,42
STK,42
DRH,42
NVRI,42
SNDR,42
MFI,42
BLFS,42
PYN,42
REX,42
BBDC,42
CNNE,42
FRT,42
SAGE,42
PMTS,42
BKN,42
EVC,42
NIO,42
EVF,42
EXP,42
CKX,42
REPX,42
CXM,42
PZC,42
FBYD,42
DALN,42
COYA,41
CRVS,41
GEF,41
MFIC,41
LEA,41
CERT,41
PESI,41
BSM,41
INTC,41
LLY,41
IT,41
PNF,41
PHM,41
DLNG,41
ACLX,41
MUA,41
PHVS,41
BUSE,41
WFG,41
WB,41
NXPI,41
HKIT,41
CODA,41
EIX,41
HUYA,41
FWRG,41
FRO,41
RWT,41
MARA,41
LVTX,41
NOA,41
GDEN,41
IMKTA,41
UIS,41
OIS,41
RSVR,41
CMG,41
BNTX,41
NXRT,41
SMG,41
GTLB,41
SNCY,41
SOTK,41
GOOD,41
HL,41
BMY,41
USEG,40
UTHR,40
PT,40
DFH,40
CENX,40
KIDS,40
ACIC,40
ELSE,40
ABG,40
NKSH,40
JOE,40
NMM,40
UFPT,40
EXFY,40
GAIA,40
FURY,40
NOTV,40
TGB,40
AMD,40
LSCC,40
CMCM,40
NOAH,40
AMGN,40
RRR,40
NNVC,40
FDBC,40
RMT,40
FFWM,40
FIBK,40
BRSP,40
NMFC,40
MFA,40
HAFN,40
LYTS,40
MGA,40
MAYS,40
GTBP,40
NVCR,40
NVNO,40
GTN,40
WSBF,40
EIC,40
EDTK,40
WOW,40
PEO,40
LEGH,40
LAC,39
LAKE,39
DXR,39
COO,39
MAS,39
HBI,39
SPHR,39
ARAY,39
SSKN,39
MGTX,39
SCCO,39
GYRE,39
MAC,39
CLRO,39
AXTA,39
BME,39
TKR,39
HLVX,39
SABR,39
CNMD,39
TAL,39
GBLI,39
TACT,39
INFY,39
IVZ,39
JAZZ,39
UP,39
LND,39
VEL,39
USIO,39
EXK,39
WU,39
PATH,39
NAT,39
VNOM,39
PML,39
EOG,39
VBNK,39
FELE,39
TKC,39
BRT,39
FET,39
AMAT,39
TROW,39
OGI,39
SGA,38
CBAT,38
GRNT,38
SOL,38
NWPX,38
MBLY,38
HCVI,38
MANH,38
LANC,38
PDM,38
FCX,38
FBRT,38
UPLD,38
NICE,38
USPH,38
AGYS,38
INSW,38
CHNR,38
DMLP,38
MTCH,38
VMD,38
JMSB,38
CHMI,38
LIVN,38
AIP,38
DDL,38
IVR,38
FTLF,38
TEN,38
BYSI,38
QCOM,38
FGBI,38
FFIC,38
CLM,38
GOOS,38
SBUX,38
SPSC,38
GDYN,38
SQM,38
BRAG,38
ATOS,38
CSWC,38
BP,38
THQ,38
CTS,38
WY,38
KHC,37
CHRO,37
MGM,37
SB,37
STRA,37
DTST,37
VATE,37
PAVS,37
NUS,37
GWRS,37
COP,37
NSPR,37
ARR,37
GROW,37
PCM,37
CAVA,37
WMS,37
BHE,37
EC,37
ECX,37
LXU,37
GSM,37
WRN,37
NVGS,37
FRPH,37
CMC,37
AOGO,37
SAMG,37
TLSI,37
FNWB,37
NMRK,37
CVLG,37
IMOS,37
RDI,37
XRTX,37
PHG,37
EGAN,37
VCYT,37
MOMO,37
DDI,37
ESTC,37
PMF,37
LFUS,37
QS,37
IGT,37
RYN,37
HCC,36
HFRO,36
PD,36
LC,36
SRFM,36
WFCF,36
AUNA,36
SBH,36
ODYS,36
CTSO,36
HVT,36
CSIQ,36
RZLT,36
TLS,36
BDN,36
BBY,36
REYN,36
IMCR,36
LPL,36
TREX,36
FI,36
FENG,36
ALTI,36
TORO,36
MMLP,36
TIL,36
IE,36
AXR,36
OCSL,36
RBB,36
AGRO,36
ESI,36
ESLA,36
ESTA,36
RAND,36
INFA,36
ISPO,36
LNW,36
IMMR,36
PLYM,36
DFIN,36
PAYO,36
WDS,36
DOC,36
MTD,36
AAL,36
XIN,35
SA,35
BLDP,35
GBX,35
TECX,35
MUX,35
PLAB,35
ACVA,35
ECC,35
MBI,35
SYNA,35
XHR,35
BLD,35
SBLK,35
FUN,35
LVO,35
ADBE,35
LSAK,35
UGP,35
DAIO,35
AI,35
CRDF,35
CRC,35
IFF,35
DD,35
FRGE,35
VNDA,35
MHO,35
NODK,35
ASO,35
MLNK,35
ASPS,35
NUVB,35
MHUA,35
JKS,35
DHI,35
DHX,35
JBHT,35
GMS,35
GSAT,35
NWGL,35
PFE,35
MTN,35
INSE,35
WRAP,35
RNA,35
RTO,34
UFPI,34
GSIW,34
MTNB,34
SLP,34
INSP,34
LCFY,34
GPK,34
BRFH,34
DINO,34
FEDU,34
ANIX,34
ARBE,34
PLUS,34
JEF,34
ALGN,34
CCCS,34
ILPT,34
EML,34
WEAV,34
ODFL,34
IMUX,34
UEC,34
EXPO,34
PKX,34
OESX,34
HUDI,34
BWLP,34
ANAB,34
FLUX,34
INCR,34
WMG,34
EARN,34
MANU,34
CLDT,34
DKS,34
DKNG,34
BELFA,34
NTAP,34
JRVR,34
GNRC,34
UTMD,34
ENLV,34
EPM,34
GEHC,34
HXL,33
HLIT,33
DAR,33
AWX,33
QNCX,33
MHK,33
ETWO,33
FDX,33
FUFU,33
IBP,33
THW,33
MLTX,33
TRX,33
IMTE,33
TRT,33
CHX,33
ETNB,33
NVMI,33
SND,33
NRT,33
DHR,33
APT,33
SFWL,33
NXE,33
LEG,33
CRF,33
STR,33
SEB,33
GNK,33
JBLU,33
VGAS,33
EPC,33
AGEN,33
NRDS,33
TPVG,33
ALVO,33
TNC,33
VMEO,33
AUDC,33
OVV,33
ACB,33
CHCT,33
FRST,33
S,33
DVN,33
AAT,33
MTH,32
CGON,32
GENC,32
CULP,32
DXF,32
CGNX,32
FMC,32
AUB,32
CENN,32
CCIF,32
DARE,32
IBTA,32
TDC,32
WK,32
ECPG,32
VAC,32
STAA,32
MATX,32
NTIP,32
ELDN,32
OXSQ,32
UUUU,32
UTZ,32
REXR,32
COCH,32
SCNI,32
CLIR,32
CPHC,32
ADCT,32
CGBD,32
GMAB,32
TCPC,32
LPG,32
RVP,32
GSBD,32
AVNT,32
GPMT,32
GPCR,32
CVEO,32
LDTC,32
ETSY,32
EMN,32
MYPS,32
EBS,32
DSGR,32
WS,32
DXYN,31
MRTN,31
LSTR,31
AMTD,31
XLO,31
MG,31
CAG,31
TOL,31
JAKK,31
BMRN,31
TPH,31
SEM,31
CPB,31
LION,31
CLLS,31
ASIX,31
ARCO,31
PSN,31
SFL,31
DIT,31
JL,31
ERII,31
INKT,31
PZZA,31
FEMY,31
RVTY,31
CHEK,31
JOUT,31
CWK,31
CYRX,31
OC,31
A,31
ADAG,31
XOS,31
MSBI,31
CCG,31
EL,31
GNTX,31
PEP,31
AMRN,31
FCN,31
ELTX,31
AIN,31
WHLM,31
NOVT,31
BZH,31
HZO,30
MTAL,30
ACDC,30
JYNT,30
BCDA,30
USNA,30
NRXS,30
OLPX,30
CRNT,30
LFST,30
DJT,30
DIOD,30
GMED,30
APLE,30
CION,30
OXY,30
NSSC,30
SD,30
SCS,30
MKSI,30
RDZN,30
THRD,30
AMS,30
CCAP,30
SLB,30
SGMT,30
WHF,30
MNR,30
CLMT,30
VNCE,30
ESBA,30
UK,30
UFI,30
AKTX,30
DECK,30
NXGL,30
PBR,30
BIO,30
HOG,30
ACTG,30
MXL,30
CDZI,30
WHR,30
LCII,30
RCKY,30
HUM,30
WPP,29
BLKB,29
CCO,29
UPBD,29
LW,29
CZR,29
TRNS,29
FUL,29
TAIT,29
MNKD,29
WST,29
MOV,29
NKE,29
MVO,29
YETI,29
DNN,29
MRCC,29
HCM,29
AKAM,29
VCEL,29
BMR,29
REAX,29
ST,29
EPAM,29
DIN,29
PYPD,29
INMD,29
PLG,29
VIGL,29
FF,29
MATW,29
NSP,29
CVE,29
RNGR,29
WEX,29
SAFE,29
CLVT,29
EMBC,29
IMAB,29
CJET,29
RNG,29
XRAY,29
AA,29
PERF,29
CLWT,29
ACRE,28
UG,28
DWSN,28
WWR,28
TENB,28
MTUS,28
ANDE,28
FSTR,28
COLM,28
CNFR,28
ENVX,28
OBE,28
FOXF,28
PSEC,28
ALIT,28
GDEV,28
QDEL,28
STOK,28
UPS,28
ESRT,28
GMRE,28
FANG,28
TRN,28
GCI,28
UROY,28
CBT,28
RARE,28
KFFB,28
FONR,28
BZFD,28
CEVA,28
TREE,28
INM,28
HLMN,28
SONO,28
WSC,28
CEAD,28
NHTC,28
CLSD,28
AVIR,28
AEHR,28
DNB,28
GCT,28
SRDX,28
EGBN,28
LASE,28
BARK,27
XPL,27
YJ,27
LOVE,27
XBP,27
GBTG,27
UDMY,27
NUE,27
MBIN,27
ANGI,27
INFU,27
CDNA,27
VANI,27
FBRX,27
JFU,27
COCP,27
SCPH,27
JJSF,27
SNAP,27
SMWB,27
ENTO,27
ENOV,27
ALT,27
SCL,27
SRI,27
SPT,27
THO,27
MNOV,27
VRDN,27
CLSK,27
MLP,27
BRID,27
IGC,27
ITOS,27
PEB,27
PENN,27
LAND,27
SOHU,27
BTCM,27
BTMD,27
MSN,27
HOLX,27
AMTB,27
MOLN,27
DVAX,27
MTX,27
CMTL,26
KLIC,26
MTLS,26
EAF,26
LEN,26
CFLT,26
FORA,26
SNAL,26
SNES,26
ARKO,26
GO,26
NSIT,26
OCGN,26
COLD,26
IMPP,26
BCG,26
BAND,26
ASTC,26
LSPD,26
LOCO,26
BLZE,26
GCBC,26
TECK,26
PK,26
LPSN,26
FLYX,26
LGVN,26
LIXT,26
ADNT,26
MNMD,26
AVBP,26
ERO,26
ACLS,26
DSS,26
ACRS,26
STGW,26
AVDL,26
DLPN,26
CIFR,26
CADL,26
VFC,26
NSYS,26
MMI,26
AFRI,26
NTRP,26
MAIA,26
RVLV,25
BILL,25
SPRC,25
THRY,25
TIRX,25
QNST,25
INTG,25
SPCE,25
HURC,25
IEP,25
TFIN,25
MTDR,25
FTHM,25
BIGC,25
FND,25
AQB,25
CRL,25
NWL,25
TALO,25
AIMD,25
RES,25
GUTS,25
LRFC,25
LIQT,25
FWRD,25
BCE,25
FBIN,25
FAT,25
ATEX,25
MGLD,25
WD,25
KBH,25
ENR,25
NOV,25
DLX,25
AEMD,25
CARV,25
NNOX,25
BVS,25
DSGN,25
EDU,25
DOCN,25
MRK,25
BTBT,25
MTR,25
CRSP,25
ACHV,24
IAS,24
JBSS,24
JHX,24
BGFV,24
STNG,24
PSHG,24
GCO,24
KEQU,24
LOB,24
FLXS,24
BCBP,24
BDX,24
SPB,24
INSG,24
GPRK,24
CHDN,24
SPRU,24
SRTS,24
KYMR,24
KIRK,24
GPN,24
CWH,24
THCH,24
ELF,24
XENE,24
M,24
RELL,24
ATKR,24
LTRX,24
OFLX,24
RBOT,24
RCI,24
TSE,24
TRSG,24
SMC,24
OII,24
CAPS,24
WERN,24
NOG,24
XBIO,24
MYO,24
MRVL,24
WVE,24
MNDO,24
CAMT,23
CLDX,23
ASC,23
BIIB,23
TOP,23
FOR,23
EYPT,23
AIXI,23
AMKR,23
PETZ,23
AMWL,23
SABS,23
BWMX,23
DQ,23
MTRN,23
CPRI,23
VERU,23
REPL,23
WEN,23
NABL,23
DNTH,23
VHI,23
AGIO,23
AXL,23
CCLD,23
LOOP,23
BLDR,23
SLVM,23
FGF,23
NVTS,23
DRIO,23
KELYA,23
DXC,23
ARTL,23
CELU,23
SMSI,23
PBF,23
FORM,23
ALTG,23
QLGN,23
WHD,23
HY,23
MODG,23
SOPH,23
PHIO,23
GLSI,23
SPPL,22
TMO,22
BHR,22
TOPS,22
PXS,22
ARQ,22
BC,22
BIRD,22
LAW,22
BHM,22
CMBT,22
RXO,22
ATXG,22
WTI,22
MHH,22
MLR,22
ILMN,22
RMR,22
ELVN,22
VRAX,22
CNET,22
SRZN,22
CHRD,22
GNLX,22
KFRC,22
ABR,22
VERB,22
NTZ,22
HHS,22
COHU,22
EWCZ,22
DEA,22
ODP,22
HLIO,22
BTU,22
TRIB,22
FG,22
LTRN,22
ASRT,22
AGL,22
ARWR,22
GROV,22
CELC,22
AOSL,22
CSAN,22
PED,22
GDRX,21
GFAI,21
GES,21
PKOH,21
ACCO,21
DYAI,21
CRWS,21
CMND,21
DOOO,21
HLLY,21
AURA,21
CMPS,21
OTLY,21
GTE,21
ULCC,21
TSQ,21
IVDA,21
CGEN,21
AMN,21
TH,21
TIXT,21
SOHO,21
GOGL,21
LGO,21
GREE,21
CVV,21
PANL,21
BCC,21
IKNA,21
AERT,21
IHRT,21
BYON,21
MAX,21
EOLS,21
BLCO,21
LMNR,21
ASNS,21
CAL,21
INBK,21
HAL,21
REGN,21
VAL,21
AIRI,21
VERV,21
TRMD,21
OTRK,21
PHUN,20
BGLC,20
JMIA,20
CRNX,20
TGT,20
PDFS,20
BHC,20
AMWD,20
TDOC,20
APA,20
SSL,20
JAMF,20
BEAT,20
GBR,20
OXBR,20
FHTX,20
PAL,20
SRG,20
CTRM,20
TER,20
BOOM,20
ATRA,20
INDO,20
LMFA,20
ATNI,20
AHH,20
OFIX,20
GURE,20
SLRN,20
BMBL,20
ADIL,20
MLKN,20
EPIX,20
AEO,20
SDHC,20
AUID,20
ENTG,20
BRNS,20
HKD,20
EGHT,20
EHTH,20
BRLT,20
EDUC,20
WTTR,20
NGL,20
NGNE,20
DV,19
MURA,19
NAII,19
BOXL,19
MOBX,19
WGO,19
NITO,19
DENN,19
LYB,19
MAN,19
NVAX,19
ULH,19
NX,19
VECO,19
PDS,19
STLA,19
TBI,19
TCMD,19
JOB,19
ANGH,19
AVNS,19
CERS,19
LE,19
AVD,19
LITB,19
OXM,19
CCS,19
ARE,19
CRDL,19
INN,19
ASH,19
COTY,19
HIVE,19
REKR,19
SEMR,19
YIBO,19
CREV,19
ARHS,19
PUBM,19
ROG,19
TC,19
SCHL,19
DTI,19
APOG,19
PTMN,19
AIRS,18
NRGV,18
VET,18
NYXH,18
DH,18
HYLN,18
MGPI,18
BXC,18
EEIQ,18
VOC,18
MREO,18
NRC,18
MBC,18
CCOI,18
PLAY,18
GAME,18
TECH,18
CVR,18
TFX,18
KWR,18
KW,18
HLX,18
AMRK,18
OLB,18
AKA,18
UEIC,18
PAVM,18
LILA,18
THS,18
BIOX,18
ULBI,18
SOPA,18
ITRM,18
CRGY,18
BGSF,18
PLCE,18
CRTO,18
GFR,18
PLL,18
SOND,18
QVCD,18
ATNF,18
CNTB,18
RENT,18
AAP,18
DSX,18
EB,17
ICFI,17
EGY,17
DOW,17
MPU,17
EDIT,17
MUR,17
BAK,17
AEYE,17
EP,17
IMNM,17
NMTC,17
MI,17
NNBR,17
VIVK,17
ATER,17
NNDM,17
FARM,17
OEC,17
COOT,17
NXL,17
GXAI,17
RPTX,17
FORR,17
ALB,17
CDXS,17
AMC,17
AMPH,17
ARDX,17
THRM,17
LEGN,17
GALT,17
BTBD,17
ACET,17
PTEN,17
XPOF,17
PMNT,17
PUMP,17
CLNE,17
DDC,17
ASTL,17
QUIK,17
FEBO,17
ALOT,17
SNCR,17
CLAR,17
HCAT,16
VIRC,16
SGC,16
DTIL,16
NKGN,16
ABCL,16
MODD,16
DRRX,16
RVSN,16
HUN,16
SNDL,16
EWTX,16
AMBC,16
TAOP,16
BITF,16
FRPT,16
TFII,16
BEAM,16
DSY,16
AQST,16
SCOR,16
PLTK,16
PII,16
GLUE,16
STG,16
CMPR,16
CATO,16
ERAS,16
BRKR,16
DLHC,16
VRNT,16
VNRX,16
EDSA,16
EDRY,16
WETH,16
MIST,16
IMTX,16
ENPH,16
EXPI,16
LPA,16
ASTH,16
GRWG,16
BKYI,16
CLCO,16
CBUS,16
ASGN,16
ITP,15
CRI,15
AVTR,15
LAB,15
AMCX,15
FOLD,15
MIGI,15
MLGO,15
MNY,15
VKTX,15
MAMO,15
SDRL,15
SCVL,15
VISL,15
ARCB,15
BGS,15
SOS,15
JILL,15
SNPX,15
CMCO,15
LIDR,15
HOFT,15
RCEL,15
DCBO,15
LRE,15
SLQT,15
RPD,15
IBRX,15
OLMA,15
FC,15
SAIA,15
NVO,15
CAN,15
CYBN,15
IDYA,15
ICCT,15
INBS,15
FGI,15
TNDM,15
LBRT,15
CREX,15
CHPT,15
PDSB,15
LEE,15
TDW,15
CCTG,15
BRCC,14
SGLY,14
AESI,14
EBON,14
WLK,14
XBIT,14
DTCK,14
RVPH,14
BQ,14
HI,14
BPT,14
EQS,14
URG,14
SMHI,14
ALLR,14
GTIM,14
IDAI,14
INDI,14
CLB,14
BLMN,14
VCNX,14
BNRG,14
UWMC,14
NXDT,14
AHT,14
CCEL,14
UONEK,14
USEA,14
TLPH,14
SYNX,14
CHRS,14
HUIZ,14
ANEB,14
KZR,14
AMRC,14
PLAG,14
GEOS,14
GMGI,14
SOGP,14
IMCC,14
PSFE,14
AXTI,14
IIPR,14
MSC,14
ABSI,14
CPOP,13
FGEN,13
RETO,13
CLF,13
VRME,13
SNBR,13
WPRT,13
GOCO,13
SPRO,13
SRM,13
COOK,13
HYPR,13
CNTY,13
PSQH,13
RRGB,13
AMTX,13
LWLG,13
HWH,13
DNA,13
BRN,13
LGIH,13
DBI,13
TLF,13
URGN,13
RC,13
DNLI,13
ELWS,13
CE,13
INTJ,13
VERA,13
ANIK,13
PXLW,13
EVH,13
CARS,13
AMR,13
CUE,13
IMXI,13
PEPG,13
ANF,13
ASYS,13
ENTA,13
CSTL,13
IAUX,13
RYAM,13
BCLI,13
XWEL,13
SBEV,12
LXEH,12
FLYW,12
LITM,12
MYSZ,12
BTE,12
XRX,12
MXC,12
APM,12
GETY,12
LUCY,12
LDI,12
BFRG,12
VLRS,12
LOT,12
ARMP,12
ELBM,12
CYTK,12
OLN,12
SMXT,12
VREX,12
WNC,12
INGN,12
NKTR,12
MRM,12
BW,12
ARCT,12
CNF,12
ALTO,12
CALC,12
PMCB,12
UCTT,12
JANX,12
GNSS,12
COSM,12
COGT,12
SNGX,12
AZTA,12
AIRG,12
BDTX,12
ANL,12
CC,12
EVOK,12
CHR,12
STHO,12
RCUS,12
DPRO,11
TPIC,11
PACS,11
SACH,11
PACB,11
LIPO,11
RELI,11
RNAC,11
CRGX,11
MNRO,11
ARBK,11
OSUR,11
ALAR,11
BBLG,11
BFRI,11
MGX,11
TIVC,11
CETY,11
AKAN,11
SSTK,11
CHSN,11
CVRX,11
CXAI,11
IVVD,11
EVGN,11
SNSE,11
DIBS,11
GPRO,11
LCTX,11
CAPT,11
NTLA,11
NTIC,11
VERI,11
KIND,11
IMVT,11
BBGI,11
AGRI,11
CNDT,11
IART,11
TELO,11
ACIU,11
ICHR,11
ICLR,11
SM,11
MXCT,11
SCYX,11
BRY,10
MYND,10
CIVI,10
ECOR,10
CGEM,10
HYFM,10
RZLV,10
XPRO,10
DYN,10
BYND,10
ELUT,10
REI,10
ATLX,10
PMVP,10
SYRE,10
VEEE,10
LZM,10
AFCG,10
GPRE,10
INO,10
GP,10
SGML,10
SGMA,10
BODI,10
PYXS,10
AIFF,10
TERN,10
DLTH,10
KAVL,10
CNTX,10
LGCL,10
WFRD,10
ASTI,10
VRCA,10
NOTE,10
BGI,10
GENK,10
APLS,10
THAR,10
CVGI,10
UNH,10
NKTX,10
HOFV,10
XTLB,10
TRDA,10
ADN,10
MSAI,9
EDAP,9
MRNA,9
ABOS,9
PACK,9
CMTG,9
CASI,9
CGC,9
CRBU,9
PWM,9
OB,9
SNDX,9
IMNN,9
BAER,9
LCUT,9
NXPL,9
KITT,9
AIRJ,9
BOLD,9
OBIO,9
PHAT,9
CTOR,9
IFBD,9
CTNT,9
ICG,9
RXRX,9
ACHC,9
JACK,9
SLN,9
FATE,9
TROX,9
DOYU,9
CELZ,9
AYRO,9
LOBO,9
ADGM,9
ISPR,9
SMRT,9
BLUE,9
CABA,9
CETX,9
MMA,9
OGN,9
NISN,9
OTLK,9
SCWO,8
CLNN,8
DRMA,8
MTC,8
RXT,8
NUWE,8
RPAY,8
AUTL,8
RVYL,8
VIR,8
SLDB,8
LXRX,8
MATV,8
ANRO,8
KALA,8
DDD,8
DAVA,8
SG,8
AMPY,8
SGBX,8
KYTX,8
EU,8
QNRX,8
CRBP,8
BNR,8
NRIX,8
FRGT,8
LUNG,8
MGNX,8
APRE,8
GNS,8
RAPT,8
TRVN,8
True,8
TSBX,8
APLM,8
ENGN,8
EKSO,8
HELE,8
FBLG,8
RMTI,8
ILAG,8
TPET,8
FLWS,8
CDLX,8
ABTS,8
SDA,7
XELB,7
PTIX,7
BLNK,7
CRIS,7
BEEM,7
WIMI,7
NINE,7
ALLO,7
TNON,7
SBFM,7
SANA,7
ATXS,7
ANNX,7
CTKB,7
CGTX,7
KURA,7
SEAT,7
PMN,7
NLSP,7
SST,7
SONN,7
ATIP,7
CABO,7
BATL,7
RCKT,7
LFWD,7
LGCB,7
LEXX,7
PIII,7
CHGG,7
CSTE,7
JSPR,7
HUMA,7
PHGE,7
CATX,7
HUSA,7
BCAB,7
VERO,7
GOVX,7
BCYC,7
LVRO,7
SGMO,7
YMAB,7
ASPN,7
LXEO,7
XNCR,6
MRKR,6
MRIN,6
SKYE,6
DUO,6
WOLF,6
QTRX,6
VRA,6
MKDW,6
TRUG,6
GMM,6
DMRC,6
GCTS,6
BLRX,6
PASG,6
OGEN,6
APLT,6
WATT,6
SNAX,6
FCEL,6
ALEC,6
SDST,6
FDMT,6
MNTK,6
IINN,6
SLRX,6
SEED,6
TPST,6
QIPT,6
AIRE,6
LYEL,6
KZIA,6
ICU,6
FTFT,6
BIVI,6
LAZR,6
GWAV,6
AVTX,6
EZGO,6
DAWN,6
BOLT,6
ENVB,6
AZTR,6
BORR,6
BCTX,6
LYRA,6
XELA,5
BSFC,5
AQMS,5
XAIR,5
RENB,5
TNGX,5
ALDX,5
CLGN,5
WBX,5
REVB,5
NAUT,5
WKSP,5
FEAM,5
ISPC,5
FNKO,5
APCX,5
LESL,5
PALI,5
LPTX,5
GLTO,5
JTAI,5
SERA,5
GERN,5
ADV,5
LRMR,5
AKYA,5
FAMI,5
MAXN,5
BHVN,5
ANVS,5
QRHC,5
AUUD,5
EQ,5
TANH,5
MGRX,5
PCVX,5
KXIN,5
IGMS,5
ESPR,5
SAVA,5
OABI,5
NXTC,5
CLRB,5
WORX,5
WTO,5
DXLG,5
BSLK,4
MRSN,4
MRVI,4
RXST,4
SBET,4
RYDE,4
ECDA,4
BNZI,4
TELA,4
SGD,4
TLRY,4
EVTV,4
DCGO,4
FRES,4
CVM,4
AMIX,4
BNGO,4
TCRX,4
EVAX,4
ERNA,4
NVOS,4
HAO,4
HAIN,4
ADVM,4
PLUG,4
SLNH,4
MNTS,4
JELD,4
ELEV,4
LPRO,4
LFLY,4
ATHA,4
ENSC,4
JZ,4
UHG,4
UGRO,4
ADAP,4
CODI,4
SDOT,4
TROO,4
BTOC,4
IVP,4
XPON,4
INDP,4
CNEY,4
ALUR,3
ARVN,3
GBIO,3
SOAR,3
CTNM,3
BJDX,3
DNUT,3
BNAI,3
VMAR,3
INAB,3
LSB,3
LGHL,3
LVLU,3
CCCC,3
ALGS,3
GNPX,3
TRNR,3
BURU,3
ACXP,3
CDTG,3
ADD,3
SONM,3
MNDR,3
BMEA,3
LVWR,3
LUNA,3
BENF,3
SMTK,3
INHD,3
AEHL,3
OVID,3
PSTV,3
CISS,3
KWE,3
GWH,3
CODX,3
IBIO,3
BTAI,3
SYTA,3
DRCT,3
SRPT,3
LRHC,3
UPC,3
CWD,3
CMBM,3
QTTB,3
NVNI,2
PET,2
FAAS,2
EYEN,2
FTRE,2
DHAI,2
CLDI,2
WNW,2
MYGN,2
CDIO,2
LICN,2
WLDS,2
TNYA,2
WLGS,2
EDBL,2
SCLX,2
NAOV,2
LNZA,2
BTOG,2
BDSX,2
CYCC,2
YCBD,2
VLCN,2
CRML,2
MYNZ,2
SLE,2
RANI,2
ALZN,2
ALXO,2
SMX,2
PLRX,2
NMRA,2
JFBR,2
JYD,2
FOXO,2
PBM,2
LUXH,2
STKH,2
TOVX,2
RDHL,2
ENSV,2
CARM,2
FTEL,2
PCSA,2
NVVE,2
MBIO,2
ATXI,1
CMCT,1
NAAS,1
SGN,1
HBIO,1
BHAT,1
BPTH,1
XTIA,1
BDRX,1
MOVE,1
XXII,1
NPWR,1
TLYS,1
GCTK,1
ACRV,1
CGBS,1
AZUL,1
INTS,1
CTXR,1
TGL,1
CMLS,1
AFMD,1
CRKN,1
SYRA,1
GORV,1
BIAF,1
SOBR,1
TRAW,1
REE,1
SPRB,1
SOWG,1
CYN,1
IXHL,1
CDT,1
XFOR,1
NMHI,1
EJH,1
CNTM,1
CNSP,1
JAGX,1
GTI,1
VOR,1
STI,1
GRI,1
TNFA,1
CERO,1
RSLS,0
MULN,0
DGLY,0
APVO,0
BACK,0
SYRS,0
VCIG,0
ULY,0
DFLI,0
CTHR,0
AIEV,0
AGMH,0
RNAZ,0
AEON,0
VIRX,0
VINC,0
APDN,0
TBIO,0
VHAI,0
BON,0
HCTI,0
GNLN,0
VRPX,0
ADTX,0
ELAB,0
OCEA,0
NOVA,0
GDHG,0
NIVF,0
MODV,0
HEPA,0
WINT,0
WKHS,0
CLEU,0
ALCE,0
WHLR,0
AREB,0
ACON,0
ALPP,0
LGMK,0
HOLO,0
PTPI,0
AAGR,0
SCPX,0
XHG,0
